customer_id,customer_fname,customer_lname,customer_order_count
8622,Shirley,Smith,5
9676,Theresa,Smith,5
7,Melissa,Wilcox,4
222,Frank,Ruiz,4
2444,Kenneth,Smith,4
2485,Mary,Hernandez,4
2555,Mary,Long,4
3128,Karen,Turner,4
3199,Ashley,Hernandez,4
3610,Jordan,Smith,4
3710,Ashley,Smith,4
3758,Scott,Smith,4
4618,Andrea,Smith,4
5583,Mary,Skinner,4
6341,Daniel,Smith,4
6404,Dylan,Smith,4
7439,Mary,Flores,4
7515,Mary,Smith,4
7758,Joyce,Howe,4
8135,Mary,Stevens,4
10511,Katherine,Smith,4
11224,Mary,Smith,4
11378,Mary,Foster,4
11901,Mary,Smith,4
12431,Mary,Rios,4
38,Mary,Smith,3
93,Mary,Robbins,3
333,Elizabeth,Ferguson,3
341,Mary,Smith,3
377,Mary,Smith,3
430,Mary,Smith,3
512,Mary,Harris,3
603,Austin,Smith,3
859,Dorothy,Hawkins,3
1020,Mary,Vargas,3
1287,Mary,Davis,3
1512,Mary,Rowe,3
1762,Nicholas,Smith,3
1780,Larry,Sharp,3
1971,Richard,Stokes,3
2078,Roger,Morales,3
2373,Mary,Smith,3
2484,Sarah,Smith,3
2494,Mary,Griffin,3
2572,Mary,Smith,3
2582,David,Franklin,3
2586,Mary,Little,3
2882,Mary,Decker,3
2938,Nicole,Smith,3
3162,Wayne,Smith,3
3316,Mary,Oconnor,3
3465,Mary,Gardner,3
3554,Michael,Smith,3
3593,Christina,Lewis,3
3600,Jennifer,Smith,3
3635,Catherine,Flowers,3
3656,Willie,Smith,3
3764,Ethan,Smith,3
3786,Mary,Moody,3
3838,Joseph,Jackson,3
4005,Virginia,Dyer,3
4234,Dorothy,Spencer,3
4249,Mary,Butler,3
4473,Christine,Jordan,3
4497,Shirley,Smith,3
4667,Cheryl,Gonzalez,3
4806,Mary,Smith,3
4969,Mary,Smith,3
5204,Andrew,Smith,3
5267,Mary,Smith,3
5347,Madison,Smith,3
5424,Mary,Howard,3
5622,Ronald,Hall,3
5654,Jerry,Smith,3
5773,Mary,Ellis,3
5914,Nicholas,Smith,3
5954,Amy,Smith,3
6065,Thomas,Simmons,3
6259,Samantha,Morales,3
6269,Charles,Phelps,3
6316,Kyle,Smith,3
6553,Larry,House,3
6737,Joyce,Smith,3
6813,Jeffrey,Coleman,3
6899,Mary,Smith,3
6995,Mary,Smith,3
7194,Cynthia,Taylor,3
7409,Daniel,Bowers,3
7582,Aaron,Valdez,3
7597,Catherine,Smith,3
7664,Brandon,Walker,3
7954,Danielle,Smith,3
7974,Mary,Shaw,3
8146,Carolyn,Jennings,3
8147,Mary,Pacheco,3
8156,Hannah,Smith,3
8193,Mary,Smith,3
8203,Nicole,Harrison,3
8499,Angela,Smith,3
8517,Debra,Smith,3
8523,Melissa,Lee,3
8571,Jason,Nunez,3
8678,Shirley,Buchanan,3
8814,Brian,Sexton,3
8845,Robert,Deleon,3
8917,Mary,Smith,3
8979,Mary,Huffman,3
9001,Mary,Smith,3
9103,Nathan,Smith,3
9191,Marie,Smith,3
9325,Mary,Navarro,3
9405,Ashley,Smith,3
9579,Beverly,White,3
9603,Mary,Moore,3
9883,Michelle,Waters,3
10013,Jessica,Smith,3
10083,Mary,Cooper,3
10126,Mary,Lee,3
10164,Mary,Parsons,3
10219,Nicholas,Smith,3
10278,Mary,Farrell,3
10508,Angela,Meadows,3
10617,Ruth,Smith,3
10679,Mary,Smith,3
10841,Mary,Snow,3
10880,Mary,Petty,3
10893,Lisa,Smith,3
10896,Victoria,Smith,3
10926,Mary,Smith,3
10932,Michael,Gonzales,3
11056,Larry,Booker,3
11077,Andrew,Smith,3
11079,Russell,Smith,3
11218,Louis,Novak,3
11268,Cynthia,Jenkins,3
11426,Mary,Smith,3
11503,Juan,Curry,3
11510,Ryan,Smith,3
11513,David,Smith,3
11736,Jeffrey,Smith,3
11789,Mary,Smith,3
12198,Peter,Hart,3
12239,Crystal,Smith,3
12324,Ruth,Townsend,3
12396,Rachel,Horn,3
12414,Mary,Woodward,3
8,Megan,Smith,2
18,Robert,Smith,2
24,Mary,Smith,2
26,Johnny,Hood,2
28,Timothy,Smith,2
43,Mary,Herring,2
70,Mary,Simmons,2
73,Mary,Smith,2
77,Shirley,Dalton,2
95,Susan,Williams,2
103,Mary,Williams,2
122,Karen,Smith,2
125,Mary,Gallagher,2
141,Mary,Mcmahon,2
156,Mary,Smith,2
168,Eric,Morris,2
174,Mary,Perez,2
192,Mary,Hall,2
206,Mary,West,2
209,Thomas,Moore,2
225,Megan,Watson,2
254,Diana,Hale,2
282,Zachary,Pugh,2
320,Mary,Brooks,2
334,Kathleen,Oconnor,2
346,Edward,Stephens,2
354,Edward,Peterson,2
363,Jennifer,Obrien,2
387,Mary,Levy,2
394,David,Smith,2
398,Teresa,Smith,2
419,James,Smith,2
422,Deborah,Moore,2
435,Joan,Barr,2
439,Rose,Delgado,2
450,Kathryn,Carter,2
452,Carl,Smith,2
456,Douglas,Turner,2
467,James,Smith,2
483,Mary,Smith,2
484,Shirley,Richardson,2
505,Mary,Smith,2
517,John,Russell,2
519,Hannah,Ruiz,2
537,Mary,Cochran,2
539,Marilyn,Smith,2
540,Mary,Tran,2
558,Michael,Mclaughlin,2
579,Mary,Smith,2
620,Roger,Smith,2
622,Karen,Davies,2
624,Mary,Ruiz,2
640,Jean,Smith,2
646,Tammy,Smith,2
649,Mary,Smith,2
664,Bobby,Jimenez,2
674,Jose,Reynolds,2
675,Mary,Mata,2
676,Robert,Smith,2
678,Cheryl,Massey,2
685,Crystal,Smith,2
687,Ronald,Harrison,2
688,Kathy,Gross,2
697,Harold,Pratt,2
700,Mary,Cummings,2
734,Mary,Smith,2
738,Mary,Wood,2
756,Robert,Smith,2
757,Jane,Smith,2
773,Dylan,Horton,2
791,Mary,Smith,2
792,Evelyn,Jordan,2
841,David,Smith,2
843,Mary,Smith,2
848,Mary,Smith,2
866,James,Davies,2
894,Mary,Sawyer,2
908,Mary,Smith,2
936,Mary,Smith,2
943,John,Cummings,2
956,Karen,Smith,2
995,Helen,Hinton,2
1022,Mary,Smith,2
1023,William,Morgan,2
1046,Mary,Smith,2
1054,Barbara,Cooley,2
1058,Martha,Smith,2
1069,Mary,Daniel,2
1083,Mary,Herman,2
1084,Gary,Smith,2
1085,Evelyn,Brady,2
1107,Nicole,Miller,2
1116,Mary,Henderson,2
1118,Mary,Smith,2
1125,Doris,Smith,2
1131,Sharon,Henderson,2
1134,Mary,Smith,2
1151,Mary,Griffith,2
1160,Mary,Randolph,2
1174,Douglas,Smith,2
1178,Charles,Gutierrez,2
1195,Danielle,Smith,2
1199,Mary,Smith,2
1207,Mary,Smith,2
1324,Anthony,Smith,2
1346,Mary,Gutierrez,2
1373,Mary,Smith,2
1374,Patricia,Lin,2
1375,Linda,Smith,2
1385,Catherine,Smith,2
1391,Philip,Hart,2
1393,Ryan,Hodge,2
1400,Aaron,Davis,2
1415,Mary,Peterson,2
1417,Rachel,Smith,2
1434,Denise,Smith,2
1445,Linda,Ortiz,2
1449,James,Smith,2
1464,Amber,Dixon,2
1492,Gerald,Patel,2
1497,Judith,Richards,2
1499,Mary,Smith,2
1516,Mary,Smith,2
1524,Nathan,Walker,2
1528,Anthony,Smith,2
1534,Ronald,Smith,2
1540,Mary,Mckee,2
1546,Nicole,Carpenter,2
1568,Mary,Larson,2
1571,Betty,Bishop,2
1581,Mary,Smith,2
1588,Mary,Smith,2
1589,Matthew,Brennan,2
1593,Nicholas,Summers,2
1628,Benjamin,Smith,2
1632,Deborah,Smith,2
1656,Mary,Smith,2
1660,Danielle,Price,2
1683,Christopher,Sloan,2
1687,Jerry,Ellis,2
1695,Amanda,Marquez,2
1698,Susan,Smith,2
1725,Mary,Dyer,2
1773,Joan,Carr,2
1782,Robert,Smith,2
1807,Mary,Curtis,2
1818,Mary,Fuentes,2
1824,Julia,Tucker,2
1832,Mary,Valenzuela,2
1838,Angela,Smith,2
1847,Mary,Smith,2
1851,Mary,Smith,2
1864,Deborah,Smith,2
1886,Mark,Smith,2
1906,Raymond,Smith,2
1907,Mary,Davis,2
1909,Mary,Smith,2
1940,Katherine,Smith,2
1952,Ashley,Smith,2
1969,Ethan,Alexander,2
1982,Kathryn,Nolan,2
1987,Brenda,Mccarthy,2
1993,Diana,Smith,2
2000,Mary,Vance,2
2010,Mary,Smith,2
2011,Ashley,Stanton,2
2035,Mary,Salas,2
2039,Mary,Key,2
2098,Sara,Davis,2
2111,Joan,Smith,2
2134,Mary,Gibbs,2
2140,Samuel,Smith,2
2157,Danielle,Holt,2
2167,Roger,Williams,2
2183,Richard,Smith,2
2204,Mary,Smith,2
2206,Mary,Peters,2
2220,James,Smith,2
2224,Ann,Mercado,2
2231,Mary,Freeman,2
2257,Matthew,Burgess,2
2266,Kevin,Garcia,2
2267,Rebecca,Tran,2
2268,Mary,Smith,2
2297,Joseph,Mueller,2
2301,Mary,Smith,2
2303,Brittany,Smith,2
2316,Heather,Smith,2
2345,Mary,Smith,2
2365,Sara,Smith,2
2372,Melissa,Kemp,2
2376,David,Black,2
2414,Lisa,Velasquez,2
2424,Mary,Fernandez,2
2436,Kevin,Park,2
2437,Juan,Smith,2
2453,Stephen,Smith,2
2464,Teresa,Warner,2
2472,Alan,Holmes,2
2476,Gerald,Smith,2
2502,Mary,Smith,2
2550,Christian,Castillo,2
2556,Samuel,Hammond,2
2558,George,Smith,2
2563,Linda,Robles,2
2588,Mary,Smith,2
2602,Jacob,Smith,2
2618,Nicole,Jones,2
2643,David,Smith,2
2652,Martha,Santiago,2
2656,Charles,Smith,2
2660,Mary,Schwartz,2
2676,Jeffrey,Smith,2
2683,Mary,Gallegos,2
2689,Matthew,Smith,2
2743,Mary,Smith,2
2753,Amy,Smith,2
2758,Kimberly,Perez,2
2769,Mary,Hendricks,2
2774,Sandra,Smith,2
2788,Jane,Nelson,2
2790,Mary,Nielsen,2
2796,Mary,Matthews,2
2799,Mary,Smith,2
2832,Angela,Smith,2
2873,Joyce,Padilla,2
2913,Victoria,Sharp,2
2918,Mary,Myers,2
2945,Jacob,Smith,2
2959,Ronald,Smith,2
2962,Amy,Smith,2
2963,Martha,Sullivan,2
2988,Amy,Torres,2
2992,Mary,Smith,2
2998,Denise,Smith,2
3003,Lawrence,Murphy,2
3031,Carol,Smith,2
3051,John,Johnson,2
3081,Bruce,Thornton,2
3082,Mary,Smith,2
3083,Timothy,Lee,2
3096,Stephanie,Larson,2
3099,Brittany,Copeland,2
3108,Mary,Smith,2
3125,Dylan,Walker,2
3133,Ruth,Becker,2
3135,Helen,Ward,2
3147,Daniel,Diaz,2
3155,Mary,Haas,2
3163,Mary,Carlson,2
3171,Elizabeth,Moss,2
3184,Tyler,Smith,2
3187,Mary,Clark,2
3203,Mary,Bryan,2
3204,Edward,Smith,2
3205,Julie,Santiago,2
3219,Mary,French,2
3223,Thomas,White,2
3230,Mary,Jones,2
3257,Julia,Mcconnell,2
3262,Mary,Brewer,2
3266,Mary,Salinas,2
3275,Steven,Williams,2
3281,Teresa,Werner,2
3294,Michael,Smith,2
3297,Bryan,Lewis,2
3308,Aaron,Smith,2
3331,Diane,Martinez,2
3337,Jeffrey,Smith,2
3341,Carol,Smith,2
3354,Russell,Flores,2
3365,William,Crawford,2
3373,Mary,Willis,2
3375,Mary,Sanchez,2
3389,Mary,Martinez,2
3421,Kathryn,Norris,2
3442,Mary,Henson,2
3453,Mary,Smith,2
3482,Mary,Horton,2
3516,Elizabeth,Smith,2
3520,Mary,Smith,2
3529,Victoria,Weaver,2
3558,Mary,Smith,2
3567,Thomas,Schroeder,2
3585,Kimberly,Mullins,2
3603,Susan,Smith,2
3605,Mary,Sanders,2
3623,Scott,Smith,2
3632,Albert,Flores,2
3639,Danielle,Edwards,2
3655,Karen,Conway,2
3670,Anna,Smith,2
3699,Charles,Walker,2
3720,Mary,Bowman,2
3726,Robert,Smith,2
3731,Beverly,Smith,2
3740,Mary,Smith,2
3743,Mary,Buchanan,2
3745,Kimberly,Smith,2
3763,Mary,Martinez,2
3768,David,Zhang,2
3770,Mary,Johnson,2
3822,Mary,Smith,2
3830,William,Smith,2
3835,Mary,Smith,2
3839,Adam,Smith,2
3852,Roy,Potts,2
3855,Amy,Smith,2
3872,Lisa,Smith,2
3881,Patricia,Wilson,2
3886,Brian,Smith,2
3888,Scott,Robles,2
3889,Mary,Smith,2
3895,Mary,Contreras,2
3896,Alexander,Smith,2
3914,Mary,Acosta,2
3935,Harold,Hayes,2
3941,James,Harrell,2
3943,Mary,Butler,2
3946,Nathan,West,2
3951,Michael,Smith,2
3961,Brian,Riddle,2
3968,Catherine,Pacheco,2
3971,John,Smith,2
3977,Mary,Smith,2
4009,Mary,Ayers,2
4019,Mary,Parsons,2
4020,Angela,Smith,2
4040,Harold,Hart,2
4066,Diana,Cordova,2
4068,Linda,Hernandez,2
4083,Betty,Smith,2
4090,Mary,Middleton,2
4104,Debra,Butler,2
4105,Mary,Smith,2
4148,Debra,Hendrix,2
4177,Linda,Smith,2
4190,Mary,Martinez,2
4196,Mary,Huffman,2
4201,Mary,Smith,2
4256,Mary,Tate,2
4276,Jacqueline,Page,2
4290,Lori,Davis,2
4298,Walter,Reyes,2
4306,Janice,Griffin,2
4315,Mary,Smith,2
4318,Mary,Fletcher,2
4333,Janet,Smith,2
4347,Angela,Merritt,2
4350,Mary,Turner,2
4358,Joseph,Pena,2
4379,George,Smith,2
4380,Mary,Lopez,2
4388,Richard,Moore,2
4394,Christopher,Smith,2
4399,Richard,Smith,2
4406,Mary,Smith,2
4408,Anna,Smith,2
4415,Samuel,Mitchell,2
4435,George,Cross,2
4436,Janice,Smith,2
4457,Roger,Smith,2
4476,Mary,Ortiz,2
4481,Mary,James,2
4499,Cynthia,Price,2
4518,Jennifer,Smith,2
4535,Ruth,Brown,2
4538,Matthew,Smith,2
4560,Mary,Smith,2
4579,William,Zimmerman,2
4605,Andrew,Horne,2
4612,Mary,Wilson,2
4650,Mary,Smith,2
4663,Paul,Smith,2
4671,Eric,Diaz,2
4681,Mary,Smith,2
4707,Victoria,Smith,2
4708,Mary,Martin,2
4711,Ryan,Smith,2
4713,Jack,Smith,2
4741,Mary,Smith,2
4747,Janice,Thomas,2
4749,Michelle,Terry,2
4757,George,Smith,2
4763,Mary,Byrd,2
4775,Walter,Wright,2
4796,Kelly,Mcbride,2
4807,Raymond,Rodgers,2
4811,Karen,Dunn,2
4813,Mary,Smith,2
4818,Stephanie,Smith,2
4825,Jack,Boyle,2
4827,Mary,Day,2
4831,Mary,Smith,2
4841,John,Warner,2
4849,Teresa,Baxter,2
4863,Elizabeth,Smith,2
4867,Mary,Smith,2
4874,Mary,Taylor,2
4907,Amanda,Lopez,2
4939,Carol,Jackson,2
4956,Mary,Smith,2
4968,Johnny,Lutz,2
4974,Mary,Smith,2
4987,Mary,Smith,2
4992,Grace,Smith,2
5001,Ann,Waller,2
5040,Emily,Nicholson,2
5053,Mary,Smith,2
5066,Mary,Jones,2
5068,Anna,Smith,2
5073,Mary,Frazier,2
5093,Sara,Rice,2
5105,Mary,Smith,2
5112,Mary,Smith,2
5121,Shawn,Holmes,2
5146,Harry,Graves,2
5163,Patricia,Freeman,2
5167,Louis,Salinas,2
5187,Mary,Smith,2
5200,Jennifer,Little,2
5217,David,Smith,2
5229,Thomas,Butler,2
5234,Shirley,Humphrey,2
5251,Stephen,Potts,2
5270,Andrea,Johnson,2
5321,Robert,Rowe,2
5322,Christine,Smith,2
5331,Victoria,Hines,2
5361,John,Molina,2
5368,Gerald,Smith,2
5382,Mary,Smith,2
5388,David,Ashley,2
5433,Mary,Flores,2
5441,Sharon,Smith,2
5442,Judy,Mccarthy,2
5454,Mary,Smith,2
5468,Katherine,Smith,2
5475,Debra,Smith,2
5480,Matthew,Jones,2
5481,Mary,Hall,2
5484,Stephanie,Clark,2
5517,Mary,Wagner,2
5522,Rebecca,Smith,2
5549,Kathryn,Smith,2
5573,Jordan,Ortiz,2
5594,Mary,Davidson,2
5641,Eric,Cohen,2
5655,Mary,Bryant,2
5668,Christina,Hawkins,2
5670,Rachel,Bailey,2
5672,Mary,Smith,2
5699,Mildred,Murphy,2
5705,Joyce,Frazier,2
5717,Robert,Andrews,2
5759,Mary,Brown,2
5760,Larry,Beltran,2
5762,Crystal,Foster,2
5800,Mary,Smith,2
5828,Katherine,Oconnell,2
5849,Mary,Conrad,2
5851,Raymond,Smith,2
5857,Mary,Gregory,2
5877,Mary,Patel,2
5878,Sharon,Smith,2
5925,Megan,Bennett,2
5949,Ryan,Howell,2
5951,Brenda,Oconnell,2
5952,Jacob,Smith,2
5958,Mary,Brown,2
5959,Thomas,Humphrey,2
5961,Kevin,Ruiz,2
6023,Shirley,Webb,2
6030,Alexander,Adams,2
6033,Mary,Pitts,2
6036,Barbara,Smith,2
6079,Bruce,Perkins,2
6104,Roger,Cordova,2
6106,Paul,Moore,2
6111,Cynthia,Mcbride,2
6132,Madison,Smith,2
6137,Eric,Smith,2
6138,Theresa,Khan,2
6150,Willie,Smith,2
6181,David,Lucas,2
6202,Mary,Williams,2
6203,Jacqueline,Oconnor,2
6248,Ronald,Hanson,2
6251,Mary,Guerra,2
6253,Mary,Peterson,2
6261,David,Smith,2
6296,Mary,Smith,2
6351,Michael,Atkins,2
6418,Olivia,Owens,2
6428,Mary,Smith,2
6430,Mary,Jackson,2
6466,Susan,Meyer,2
6476,Julie,Smith,2
6478,Mary,Smith,2
6489,Maria,Macdonald,2
6490,Ann,Smith,2
6506,Anna,Bailey,2
6530,Mary,Elliott,2
6561,Jane,Day,2
6599,Robert,Moreno,2
6617,Mary,Barnes,2
6637,Eric,Richardson,2
6696,Mary,Spencer,2
6708,Mary,Costa,2
6731,Carol,Smith,2
6735,Barbara,Martin,2
6788,Mary,Allen,2
6810,Roger,Smith,2
6846,Joe,White,2
6857,Scott,Fuller,2
6867,Mary,Johnson,2
6876,Helen,Smith,2
6886,Jessica,Peck,2
6921,Willie,Stafford,2
6940,Mary,Smith,2
6948,Mary,Smith,2
6958,Michael,Pham,2
6968,Mary,Sims,2
6982,Janice,Smith,2
7016,Jack,Sloan,2
7036,Maria,Smith,2
7044,Mary,Cooke,2
7089,Grace,Snyder,2
7121,Jason,Smith,2
7127,Catherine,Escobar,2
7129,Mary,Wyatt,2
7157,Joseph,Smith,2
7163,Mary,Jones,2
7174,Kenneth,Smith,2
7186,Mary,Meadows,2
7211,Kathleen,Smith,2
7233,Christine,Potter,2
7234,Mary,Bowers,2
7267,Benjamin,Smith,2
7271,Karen,Barber,2
7282,Jennifer,Clark,2
7287,Russell,Guzman,2
7296,Richard,Randall,2
7331,Pamela,Strong,2
7339,Mary,Smith,2
7340,Charles,Taylor,2
7348,Mary,Smith,2
7352,Debra,Smith,2
7356,Andrew,Robles,2
7393,Mary,Smith,2
7395,Ryan,Adkins,2
7418,Elizabeth,Smith,2
7426,Stephen,Nelson,2
7434,Mary,Holloway,2
7458,Philip,Williams,2
7461,Mary,Wood,2
7478,Kimberly,Villa,2
7498,Marie,Smith,2
7538,Mary,Baker,2
7542,Mary,Moss,2
7547,Andrea,Ortega,2
7579,Mary,Smith,2
7583,Mary,Pace,2
7629,Nancy,Pena,2
7640,Mary,Torres,2
7670,Anna,Smith,2
7706,Mary,Cook,2
7707,Anna,Smith,2
7721,Mary,Jenkins,2
7764,Mary,Wilson,2
7789,Mary,Sullivan,2
7790,Edward,Castaneda,2
7836,Mary,Herman,2
7850,Mary,Lara,2
7853,Aaron,Smith,2
7861,Susan,Chan,2
7865,Mary,Bryant,2
7872,Mary,Smith,2
7881,Kathryn,Ware,2
7904,Mary,Smith,2
7916,Mary,Richardson,2
7917,Ashley,Palmer,2
7940,Mary,Mejia,2
7942,Jacob,Gonzalez,2
7944,Gloria,Mcneil,2
7956,Patricia,Maynard,2
7963,Mary,Fisher,2
7982,Ronald,Hall,2
7985,Denise,Smith,2
7988,Mary,Rice,2
7996,Mary,Lindsey,2
8013,Mary,Adams,2
8014,Emily,Powers,2
8029,Sandra,Smith,2
8065,Margaret,Smith,2
8071,Gary,Baker,2
8077,Thomas,Smith,2
8108,Steven,Barnes,2
8110,Catherine,Smith,2
8122,Jesse,Webster,2
8128,Mary,Smith,2
8171,Benjamin,Cole,2
8181,Mary,Long,2
8192,Kathryn,Marshall,2
8211,Ronald,Mcneil,2
8214,Mary,Smith,2
8221,Janet,Sampson,2
8235,Bruce,Horton,2
8256,James,Parker,2
8262,George,Porter,2
8266,Mary,Patterson,2
8308,Kathy,Smith,2
8311,Mary,Morgan,2
8312,Amber,Farrell,2
8314,Angela,Walsh,2
8321,Kenneth,Smith,2
8327,Mary,Paul,2
8339,Richard,Smith,2
8345,Betty,Perez,2
8360,Jeremy,Smith,2
8370,Mary,Smith,2
8376,Catherine,Moreno,2
8386,Mary,Smith,2
8405,Stephen,Cummings,2
8412,Tiffany,Wagner,2
8431,Mary,Lopez,2
8442,Christopher,Smith,2
8446,James,Carlson,2
8484,Edward,Gomez,2
8509,Mary,Hicks,2
8510,Roger,Smith,2
8525,Mary,Smith,2
8529,Mary,Watts,2
8541,Mary,Smith,2
8548,Mary,Smith,2
8550,Mary,Smith,2
8607,Timothy,Smith,2
8613,Mary,Kirk,2
8639,Mary,Smith,2
8652,Kenneth,Newman,2
8664,Mary,Smith,2
8679,Mary,Smith,2
8698,Mary,Allen,2
8720,Mary,Alvarado,2
8725,Ashley,Smith,2
8737,Mary,Smith,2
8751,Amy,Cook,2
8755,Catherine,Lutz,2
8758,Mary,Shelton,2
8760,Mary,Smith,2
8764,Mary,Curtis,2
8789,Helen,Carroll,2
8843,Juan,Smith,2
8867,Justin,Bonilla,2
8896,James,Dunn,2
8926,Susan,Smith,2
8927,Emily,Johnson,2
8940,Linda,Hammond,2
8944,Mary,Smith,2
8949,Mary,Thompson,2
8950,David,Smith,2
8986,Mary,Smith,2
8995,Mary,Smith,2
8996,Maria,Mcfarland,2
9009,Mary,Sanchez,2
9039,Amber,Wall,2
9056,Andrew,Smith,2
9068,Mary,Smith,2
9083,Mary,Frank,2
9088,Mary,Guzman,2
9092,James,Smith,2
9106,Mary,Perez,2
9108,Kathryn,Smith,2
9127,Mary,Nolan,2
9135,Mary,Johnson,2
9141,Ronald,Clark,2
9148,Robert,Gallagher,2
9157,Nicholas,Smith,2
9176,Theresa,Smith,2
9181,Mary,Smith,2
9220,Anthony,Marshall,2
9223,Carl,Perez,2
9224,Mary,Cannon,2
9231,Mary,Smith,2
9237,Mary,Fox,2
9253,Benjamin,Smith,2
9265,Margaret,Fischer,2
9275,Jason,Schwartz,2
9286,Mary,Carroll,2
9314,Olivia,Smith,2
9317,Mary,Smith,2
9319,David,Smith,2
9320,Nicole,Johnson,2
9337,Mary,Smith,2
9341,Karen,Collins,2
9352,Mary,Lewis,2
9360,Scott,Smith,2
9367,Ryan,Smith,2
9373,Mary,Smith,2
9394,Nancy,Smith,2
9402,Amber,Smith,2
9404,Patricia,Harrington,2
9417,Mary,Nguyen,2
9421,Julia,Lynch,2
9435,Mary,Garcia,2
9451,Mary,Smith,2
9462,Judy,Smith,2
9464,Henry,Smith,2
9467,Billy,Butler,2
9485,Philip,Grimes,2
9490,Mary,Glass,2
9496,Mary,Taylor,2
9518,Danielle,Smith,2
9524,Mary,Nelson,2
9539,Mary,Smith,2
9554,Mary,Hayes,2
9565,Donald,Cantrell,2
9634,Mary,Weaver,2
9669,Samantha,Smith,2
9690,Edward,Mccoy,2
9697,Stephen,Williams,2
9701,Lisa,Allen,2
9708,Cynthia,Smith,2
9713,Mary,Smith,2
9727,Mary,Cruz,2
9734,Mary,Valentine,2
9779,Mary,Smith,2
9810,Kenneth,Mays,2
9819,Crystal,Smith,2
9824,David,Smith,2
9859,Ronald,Johnson,2
9862,Mary,Decker,2
9869,Mary,Smith,2
9872,Mary,Aguilar,2
9907,Steven,Kaiser,2
9909,Mary,Wong,2
9924,Christine,Smith,2
9926,Aaron,Bush,2
9930,Nathan,Smith,2
9932,Wayne,Smith,2
9939,Mary,Singleton,2
9945,Mary,Cameron,2
10038,Julie,Smith,2
10042,Christopher,Hatfield,2
10048,Mary,Cooke,2
10052,Mary,Aguilar,2
10098,Angela,Delacruz,2
10104,Mary,Chen,2
10105,Carl,Roman,2
10110,Beverly,Smith,2
10127,Mary,Warren,2
10129,Mary,Kidd,2
10133,Alexander,Smith,2
10142,Teresa,Smith,2
10146,Andrew,Smith,2
10163,Theresa,Smith,2
10172,Mary,Pugh,2
10201,Debra,Campbell,2
10211,Jeffrey,Smith,2
10213,Justin,Huff,2
10221,Mary,Smith,2
10226,Mary,Smith,2
10233,Mary,Bennett,2
10241,Patricia,Kidd,2
10250,Martha,Smith,2
10299,Mary,Blake,2
10308,Mary,Smith,2
10316,Martha,Phelps,2
10319,Mary,Johnston,2
10320,David,Smith,2
10321,Shirley,Miller,2
10328,Mary,Smith,2
10340,Nicholas,Stevens,2
10361,Barbara,Smith,2
10380,Mary,Smith,2
10382,Mary,Romero,2
10387,Mary,Wheeler,2
10390,Anthony,Stevenson,2
10416,Mary,Goodwin,2
10438,Barbara,Johnston,2
10452,Mary,Smith,2
10454,Anthony,Leblanc,2
10455,Kenneth,Oconnell,2
10458,Mary,Estrada,2
10462,Carolyn,Smith,2
10475,Mary,Smith,2
10500,Mary,Smith,2
10525,Mary,Lopez,2
10541,Howard,Smith,2
10553,Michael,Shea,2
10558,Christine,Smith,2
10573,Roger,Jackson,2
10598,Jason,Smith,2
10622,Mary,Hoover,2
10638,Laura,Young,2
10681,Mary,Hatfield,2
10699,Mary,Lee,2
10711,Cynthia,Campbell,2
10758,Steven,Hardin,2
10801,Ryan,Larson,2
10814,Carol,Mejia,2
10815,Dennis,Smith,2
10818,James,Smith,2
10834,Susan,Sullivan,2
10851,Dylan,Stephens,2
10890,Doris,Moody,2
10898,James,Knight,2
10901,Donald,Dixon,2
10910,Michelle,Smith,2
10935,Ralph,Potter,2
10936,Johnny,Barron,2
10950,Mary,Smith,2
10969,Mary,Tran,2
10977,Debra,Potter,2
10992,Barbara,Duran,2
11046,Scott,Davidson,2
11054,Henry,Jenkins,2
11055,Mary,Smith,2
11067,Anthony,Zimmerman,2
11124,Mary,Bowman,2
11126,Joe,Smith,2
11127,Mary,Tucker,2
11182,Sharon,Barker,2
11225,Michael,Marshall,2
11289,Mary,Wang,2
11299,Henry,Smith,2
11306,Gerald,Beasley,2
11310,Kenneth,Williams,2
11318,Mary,Henry,2
11332,Denise,Smith,2
11370,James,Ray,2
11376,Charles,Mason,2
11379,Kathleen,Glover,2
11381,Mary,Gonzalez,2
11405,Mary,Smith,2
11407,Steven,Powers,2
11417,Kenneth,Whitney,2
11446,Mary,Ramos,2
11450,Donald,Nelson,2
11467,Hannah,Smith,2
11475,Mary,Garner,2
11489,Dorothy,Hudson,2
11512,Mary,Randall,2
11530,Richard,Gibson,2
11546,Mary,Schwartz,2
11554,Hannah,Marshall,2
11620,Ashley,Hill,2
11637,Mary,Smith,2
11646,Joe,Snyder,2
11647,Mary,Ryan,2
11661,Johnny,Mora,2
11673,Donald,Smith,2
11677,Christine,Smith,2
11680,Emma,Smith,2
11692,Mary,Weber,2
11702,Tiffany,Jimenez,2
11703,Mary,Andrews,2
11713,Mary,Frost,2
11728,Laura,Smith,2
11733,Christopher,Chan,2
11741,Mary,Smith,2
11782,Michelle,Dickson,2
11829,Steven,Smith,2
11851,Mary,Shepherd,2
11861,Brittany,Bentley,2
11875,Joseph,Stevens,2
11884,Evelyn,Contreras,2
11888,Frank,Barrett,2
11942,Mary,Bernard,2
11973,Mary,Alvarez,2
11983,Mary,Bell,2
11995,Mary,Smith,2
12050,Mary,Smith,2
12051,Ethan,Cox,2
12059,Shawn,Clark,2
12070,Mary,Harrington,2
12094,Mary,Smith,2
12096,Amber,Smith,2
12103,Mary,Smith,2
12106,Mary,Smith,2
12134,Mary,Jefferson,2
12147,Kathleen,Smith,2
12149,Mary,Smith,2
12168,Christine,Guerra,2
12205,Roy,Smith,2
12211,David,Chambers,2
12230,Mary,Smith,2
12249,Susan,Mann,2
12280,John,Smith,2
12358,Mary,Powers,2
12362,Mary,Smith,2
12389,Kimberly,King,2
12398,Charles,Johnson,2
13,Mary,Baldwin,1
14,Katherine,Smith,1
15,Jane,Luna,1
17,Mary,Robinson,1
27,Mary,Vincent,1
31,Mary,Byrd,1
36,Michelle,Carey,1
39,Juan,Mckinney,1
40,Mary,Smith,1
42,Ethan,Smith,1
44,Howard,Smith,1
45,Mary,Nunez,1
48,Mary,Cowan,1
51,Jessica,Smith,1
54,Mary,Olson,1
55,Janet,Farley,1
56,Mary,Kaiser,1
58,Michael,Edwards,1
59,Douglas,James,1
61,Margaret,Summers,1
65,Jennifer,Smith,1
69,Megan,Smith,1
71,Charles,Smith,1
79,Mary,Watkins,1
81,Mary,Smith,1
85,Mary,Perez,1
88,Mary,Henry,1
89,Sean,Smith,1
100,George,Barrett,1
105,Mary,Smith,1
107,Mary,Weaver,1
109,Mary,Thompson,1
110,David,Miranda,1
114,Alice,Warner,1
119,Mary,Rosario,1
120,Nancy,Smith,1
127,Mary,Martin,1
128,Rose,Lopez,1
131,Brenda,Cline,1
132,Eric,Smith,1
133,Mary,Lopez,1
142,Heather,Smith,1
144,David,Smith,1
146,Amber,Mercado,1
149,Shirley,Mcclain,1
154,Emily,May,1
155,Brittany,Juarez,1
160,Ashley,Smith,1
164,Mary,Carlson,1
166,Steven,Smith,1
169,Debra,Mccarthy,1
170,Mary,Smith,1
173,Jose,Smith,1
175,Ronald,Guzman,1
179,Mary,Rodgers,1
182,James,Ortiz,1
187,Mildred,Herrera,1
190,Mary,Hayes,1
193,Melissa,Flores,1
195,Richard,Smith,1
199,Cynthia,Horn,1
200,Keith,Smith,1
204,Mary,Smith,1
205,Ryan,Garcia,1
212,Roger,Johnson,1
217,Mary,Hughes,1
221,Mary,Cox,1
224,Mary,Hernandez,1
229,Mary,Garrett,1
231,Mary,Conner,1
238,Charles,Turner,1
241,Janet,Carter,1
243,Deborah,Smith,1
246,Mary,Wood,1
251,Kelly,Adams,1
252,Mary,Frazier,1
255,Mary,Smith,1
256,David,Rodriguez,1
257,Mary,Harrison,1
261,Mary,Parker,1
264,Mary,Smith,1
266,Mary,Knapp,1
267,Richard,Smith,1
273,Benjamin,Smith,1
274,Mary,Moyer,1
279,Anna,Smith,1
280,Mary,Ortiz,1
283,Mary,Smith,1
286,Mary,Baker,1
287,Andrew,Salazar,1
288,Judith,Smith,1
290,Mary,Garza,1
291,John,Smith,1
292,Mary,Estrada,1
297,Catherine,Smith,1
300,Mary,Key,1
301,Arthur,Smith,1
303,Thomas,Rowe,1
312,Jack,Smith,1
314,Maria,Smith,1
316,Mary,Smith,1
319,Arthur,Brown,1
326,Shirley,Stafford,1
331,Alexander,Russell,1
332,Mary,Smith,1
335,Mary,Smith,1
336,Ruth,Armstrong,1
338,Ryan,Smith,1
342,Jerry,Jackson,1
343,Douglas,Joseph,1
350,Mary,Smith,1
351,John,Singh,1
352,Gregory,Smith,1
353,Mary,Smith,1
356,Roger,Smith,1
357,Mary,King,1
358,Megan,Lynch,1
360,Ashley,Smith,1
365,Shirley,Smith,1
366,Larry,Williamson,1
369,Madison,Sheppard,1
372,Mary,Smith,1
373,George,Sandoval,1
374,Mary,Camacho,1
375,Mark,Smith,1
376,Grace,Sanchez,1
378,John,Stewart,1
381,Katherine,Moore,1
384,Mildred,Cunningham,1
388,Robert,Smith,1
393,Mary,Chambers,1
399,Mary,Perez,1
400,Matthew,Vaughan,1
401,Bobby,Smith,1
404,Mary,Adkins,1
409,Kevin,Smith,1
410,Jack,Moore,1
412,Cynthia,Crawford,1
414,Pamela,Smith,1
416,Rachel,Dunn,1
425,Mary,Sexton,1
426,Susan,Smith,1
427,Paul,Brown,1
433,Mary,Smith,1
434,Michael,Torres,1
438,Diane,Smith,1
440,Mary,Skinner,1
442,Mary,Smith,1
444,Walter,Lambert,1
448,Hannah,Joseph,1
449,Mary,Smith,1
451,Mary,Baldwin,1
453,Mary,Glenn,1
455,Jeffrey,Smith,1
457,Mary,Smith,1
458,Charles,Spencer,1
459,Sean,Smith,1
460,Vincent,Willis,1
465,Shawn,Smith,1
470,Mary,Cannon,1
471,Helen,Smith,1
472,Mary,Schultz,1
473,Jason,Smith,1
475,Brittany,Gibbs,1
478,Mary,Porter,1
482,Megan,Moreno,1
489,William,Smith,1
491,Debra,Smith,1
492,Mary,Mckinney,1
495,Marilyn,Smith,1
500,Nicholas,Smith,1
502,Jennifer,May,1
504,Cheryl,Livingston,1
508,Ronald,Medina,1
509,Mary,Smith,1
511,Doris,Smith,1
514,Mary,Johnson,1
520,Mary,Reid,1
522,William,Smith,1
526,Kimberly,Barrett,1
534,Mary,Morris,1
538,Joshua,Livingston,1
547,Kathleen,Contreras,1
548,Ryan,Horton,1
549,Mary,Smith,1
551,Doris,Weaver,1
555,Mildred,Smith,1
561,Ralph,Griffith,1
564,Mary,Mccann,1
567,Donna,Smith,1
570,Julia,Whitney,1
571,Mary,Smith,1
592,Mary,Huynh,1
606,Mary,Smith,1
610,Mary,Smith,1
615,Mary,Smith,1
616,Nancy,Mcclure,1
621,Mary,Shannon,1
625,Terry,Smith,1
626,Mary,Weeks,1
630,Jacob,Smith,1
634,Jack,Edwards,1
635,Mary,Smith,1
636,Albert,Merritt,1
644,Mary,Smith,1
645,Mary,Conner,1
650,Austin,Sexton,1
655,Joseph,Dougherty,1
657,Mary,Bowers,1
662,Michelle,Moss,1
663,Mary,Smith,1
665,Mary,Smith,1
666,Amanda,Simpson,1
671,Anthony,Reyes,1
679,Grace,Smith,1
689,Mary,Smith,1
690,Michael,Banks,1
691,Mary,Terrell,1
692,Ann,Smith,1
696,Mary,Romero,1
699,Raymond,Richards,1
701,Joseph,Coffey,1
702,Cynthia,Smith,1
705,Timothy,Smith,1
707,Shawn,Ortiz,1
721,Catherine,Thompson,1
728,Anthony,Rosario,1
740,Brandon,Smith,1
746,Christopher,Bush,1
751,Benjamin,Juarez,1
755,Mary,Mayo,1
758,Mary,Sanders,1
771,Patricia,Smith,1
775,Donna,Bautista,1
778,John,Buckley,1
781,Samuel,Smith,1
794,Lawrence,Bennett,1
803,James,Hartman,1
806,Mary,Wells,1
809,Hannah,Avila,1
812,Mary,Smith,1
817,Jack,Smith,1
818,Mary,Kennedy,1
820,Mary,Brown,1
823,Catherine,Small,1
826,Mary,Delacruz,1
829,Mary,Smith,1
830,William,Herrera,1
833,Alexander,Smith,1
834,Mary,Stafford,1
835,Gloria,Smith,1
839,Lisa,Walker,1
844,Jessica,Price,1
847,Jerry,Ferguson,1
849,Sandra,Barker,1
850,Sean,Smith,1
851,Mary,Snyder,1
853,Mary,Larson,1
857,Mary,Duran,1
862,Richard,Smith,1
864,Raymond,Kidd,1
865,Mary,Smith,1
870,Linda,Delacruz,1
873,Mary,Smith,1
875,Mary,Brady,1
876,Andrea,Smith,1
878,Mary,Smith,1
879,Joseph,Thomas,1
880,Mary,Guzman,1
881,Marilyn,Orozco,1
882,Mary,Smith,1
887,Brian,Landry,1
895,Dorothy,Villegas,1
897,Anthony,Schultz,1
898,Cheryl,Smith,1
900,George,Smith,1
904,Elizabeth,Gonzales,1
909,Laura,Ford,1
914,Jacob,Martinez,1
917,Andrew,Glenn,1
918,Nathan,Smith,1
921,Mary,Smith,1
922,Stephanie,Willis,1
929,Alan,Smith,1
930,Mary,Franco,1
938,Cheryl,Smith,1
939,Mary,Todd,1
942,Mary,Smith,1
948,Michelle,Smith,1
952,Jack,Smith,1
954,Brandon,Fitzgerald,1
955,Mary,Marks,1
957,Eric,Jones,1
963,Eugene,Smith,1
964,Mary,Frazier,1
965,Sean,Smith,1
969,Rose,Smith,1
972,Mary,Smith,1
983,Michael,Richmond,1
984,Amy,Smith,1
986,Catherine,Hawkins,1
989,Helen,Smith,1
990,Mary,Ellison,1
991,John,Smith,1
993,Mary,Davis,1
1000,James,Smith,1
1001,Jane,Thomas,1
1005,Maria,Peterson,1
1006,Mary,Little,1
1011,Mary,Smith,1
1017,Lawrence,Bryan,1
1021,Hannah,Hensley,1
1027,Betty,Evans,1
1035,Nancy,Blair,1
1037,John,Smith,1
1038,Christine,Briggs,1
1043,Mary,Smith,1
1044,Linda,Pope,1
1051,Mary,Rich,1
1059,Mary,Walsh,1
1061,Mary,Liu,1
1066,Virginia,Clark,1
1067,Mary,Hansen,1
1075,Michelle,Smith,1
1076,Tyler,Thompson,1
1078,Nancy,Smith,1
1080,Raymond,Smith,1
1082,Angela,Contreras,1
1094,Sean,Smith,1
1099,Maria,Smith,1
1102,Lisa,Hensley,1
1104,Linda,Morales,1
1106,Daniel,Smith,1
1109,Mary,Smith,1
1113,Mary,Smith,1
1117,Arthur,Maddox,1
1124,Katherine,Cain,1
1128,Mary,Chung,1
1132,Samantha,Smith,1
1133,Tiffany,Ryan,1
1139,Benjamin,Smith,1
1140,Amber,Nguyen,1
1143,Mary,Woods,1
1144,Roger,Jensen,1
1145,Mary,Smith,1
1146,Alice,Evans,1
1147,Judy,Smith,1
1152,Maria,Smith,1
1153,Mary,Sanford,1
1154,Sarah,Smith,1
1159,Mary,Morrison,1
1163,Timothy,Smith,1
1164,Mary,Hahn,1
1172,Marie,Morales,1
1176,Julia,Smith,1
1182,Mary,Smith,1
1183,Philip,King,1
1184,Mary,Moran,1
1185,Rachel,Smith,1
1190,Madison,Smith,1
1194,Matthew,Zimmerman,1
1198,Beverly,Tate,1
1200,Rebecca,Parker,1
1202,Andrea,Clayton,1
1203,Mary,Smith,1
1205,Mary,Powell,1
1208,Lauren,Jackson,1
1209,Mary,Webb,1
1210,Jeffrey,Gardner,1
1212,William,Spears,1
1213,Jason,Smith,1
1217,Robert,Compton,1
1222,Michael,Garcia,1
1223,Richard,Perry,1
1224,Judy,Oconnell,1
1225,Mary,Smith,1
1232,Betty,Smith,1
1233,Mary,Sims,1
1234,Steven,Bond,1
1238,Angela,Massey,1
1245,Gregory,Torres,1
1248,Karen,Smith,1
1250,Teresa,Smith,1
1254,Mary,Barker,1
1257,Dylan,Perry,1
1259,John,Smith,1
1261,Victoria,Hancock,1
1264,Melissa,Smith,1
1271,Carolyn,Shea,1
1272,Mary,Smith,1
1274,Mary,Richmond,1
1275,Amanda,Smith,1
1278,Mary,Smith,1
1285,Ruth,Petersen,1
1286,Nathan,Smith,1
1288,Evelyn,Thompson,1
1294,Elizabeth,Smith,1
1296,Mary,King,1
1297,Christopher,Roberts,1
1300,Hannah,Hawkins,1
1301,Mary,Smith,1
1302,Alice,Edwards,1
1306,Zachary,Taylor,1
1307,Austin,Elliott,1
1319,Angela,Chapman,1
1323,Mary,Donovan,1
1328,Denise,Smith,1
1330,Tiffany,Warner,1
1331,Mary,Smith,1
1339,Melissa,Mack,1
1340,Mary,Smith,1
1341,Joseph,Brown,1
1343,Julia,Smith,1
1345,Adam,Wilson,1
1353,Victoria,Rocha,1
1355,Samuel,Johnson,1
1362,Dennis,Smith,1
1366,Mary,Haas,1
1368,Donna,Wilson,1
1377,Sean,Smith,1
1378,Mary,Brooks,1
1380,Mary,Smith,1
1381,Doris,Sanchez,1
1396,Mary,Smith,1
1405,Mary,Cowan,1
1416,Edward,Pugh,1
1421,Karen,Farmer,1
1424,James,Smith,1
1426,Mary,Conner,1
1429,Pamela,Murphy,1
1430,Henry,Smith,1
1431,Mary,Barrera,1
1432,Nathan,Smith,1
1438,Jason,Smith,1
1443,Denise,Cohen,1
1444,Mary,Smith,1
1448,Mary,Murray,1
1450,Russell,Cameron,1
1451,Mary,Harding,1
1453,Deborah,Bauer,1
1460,George,Williams,1
1466,Stephen,Cole,1
1470,Ann,Smith,1
1472,Mary,Smith,1
1479,Mary,Brennan,1
1482,Mary,Greene,1
1485,Tiffany,Smith,1
1488,Mary,Hubbard,1
1489,Robert,Smith,1
1498,Peter,Bray,1
1504,Alice,Bradford,1
1506,Melissa,Griffith,1
1514,Christine,Taylor,1
1515,Crystal,Peters,1
1517,James,Brown,1
1518,Jessica,Smith,1
1521,Christopher,Smith,1
1525,Ralph,Washington,1
1527,Mary,Fernandez,1
1529,Mary,Foster,1
1533,Linda,Kent,1
1537,Linda,Murray,1
1538,Mary,Smith,1
1544,Brittany,Marquez,1
1545,Mary,Smith,1
1548,Mary,Rodriguez,1
1555,Adam,Smith,1
1566,Mary,Simon,1
1572,Brandon,Smith,1
1580,Kelly,Simmons,1
1583,Sean,Smith,1
1586,Nancy,Williams,1
1587,Jose,Warner,1
1591,Charles,Johnson,1
1597,Megan,Smith,1
1598,Mary,Green,1
1600,Mary,George,1
1602,Stephen,Huang,1
1605,Mary,Horne,1
1606,Brandon,Smith,1
1610,Mary,Le,1
1614,Christine,Haley,1
1618,Mary,Davidson,1
1621,Grace,Jefferson,1
1623,Christopher,James,1
1624,Walter,Huerta,1
1625,Mary,Smith,1
1627,Mary,Gonzales,1
1631,Mary,Sweeney,1
1635,Catherine,Smith,1
1636,Julie,Petersen,1
1640,Mary,Smith,1
1644,Kimberly,Smith,1
1651,Stephanie,Smith,1
1653,Brian,Gates,1
1657,Betty,Phillips,1
1658,Dylan,Conner,1
1666,Margaret,Sullivan,1
1673,Mary,Smith,1
1675,Mary,Moore,1
1677,Virginia,Robles,1
1679,Maria,Smith,1
1680,Mary,Santiago,1
1681,Cynthia,Smith,1
1682,Mary,Hall,1
1689,Thomas,Smith,1
1699,Mary,Webb,1
1702,Mary,Smith,1
1704,Tammy,Sandoval,1
1707,Mary,Moore,1
1708,Margaret,Booth,1
1712,Megan,Brown,1
1715,Mary,Henson,1
1716,Sandra,Smith,1
1721,Jeremy,Hart,1
1735,Mary,Gill,1
1740,Mary,Craig,1
1742,Emma,Ellis,1
1743,Mary,Smith,1
1744,Anna,Bowers,1
1745,Mary,Smith,1
1747,Mary,Booker,1
1757,Mary,Smith,1
1764,Megan,Davila,1
1766,Michael,Myers,1
1767,Barbara,Campos,1
1775,Sharon,Hernandez,1
1778,Mary,Bishop,1
1779,Sarah,Smith,1
1788,Timothy,Smith,1
1790,Kimberly,Sherman,1
1794,Paul,Smith,1
1795,Joe,Ramirez,1
1796,Mary,Carr,1
1797,Carolyn,Smith,1
1799,John,Smith,1
1800,Lori,Acosta,1
1801,Mary,Avila,1
1806,Roger,Smith,1
1809,Mary,Smith,1
1810,James,Miller,1
1814,Mary,Skinner,1
1815,Russell,Smith,1
1817,Teresa,Mitchell,1
1820,Mary,Hill,1
1825,Mary,Obrien,1
1826,Matthew,Smith,1
1833,Ronald,Smith,1
1839,Mary,Soto,1
1842,Mary,Smith,1
1843,Frank,Garcia,1
1845,Mary,Jones,1
1850,Emily,Riggs,1
1852,Thomas,Crawford,1
1853,Mary,Austin,1
1854,Lauren,Mcguire,1
1859,Charles,Smith,1
1860,Christopher,Osborn,1
1861,Nancy,Smith,1
1862,Jerry,Wright,1
1866,Jessica,Huffman,1
1867,Cheryl,Smith,1
1870,Tiffany,Greer,1
1875,Daniel,Pham,1
1876,Austin,Smith,1
1877,Mary,Powers,1
1880,Sarah,Smith,1
1881,Anna,Wilson,1
1885,Mary,Norman,1
1889,Mary,West,1
1893,Mary,Wilson,1
1894,Michael,Flores,1
1896,Donna,Smith,1
1897,Patrick,Baker,1
1898,Mary,Hammond,1
1900,Paul,Mercer,1
1902,Alice,Murphy,1
1904,Henry,Smith,1
1910,Helen,Price,1
1912,Robert,Nunez,1
1914,Mary,Shannon,1
1916,Jason,Robinson,1
1918,Ralph,Smith,1
1919,Mary,Middleton,1
1920,Stephanie,Archer,1
1924,Mary,Ingram,1
1926,Mary,Williams,1
1927,Laura,Stevens,1
1931,John,Smith,1
1932,Shirley,Perez,1
1936,Jane,Jennings,1
1937,Mary,Werner,1
1938,Charles,Smith,1
1942,Joseph,Moran,1
1943,Harry,Schaefer,1
1946,Diane,Smith,1
1947,Mary,Rogers,1
1954,Mary,Smith,1
1957,Shirley,Smith,1
1970,Mary,Smith,1
1974,Joe,Moody,1
1975,Mary,Smith,1
1976,Jacqueline,Salazar,1
1978,Mary,White,1
1979,Kimberly,Kramer,1
1981,Betty,Romero,1
1984,Mary,Williams,1
1985,Lisa,Hudson,1
2005,Mary,Smith,1
2020,Mary,Caldwell,1
2027,Jennifer,Mills,1
2030,Rose,Smith,1
2045,Katherine,Lozano,1
2048,Mary,Wolf,1
2050,Mary,Jacobs,1
2051,Maria,Stanley,1
2061,Mary,Russell,1
2063,Mary,Morris,1
2065,Wayne,Smith,1
2067,Donald,Mcbride,1
2068,Donna,Smith,1
2070,Mary,Smith,1
2072,Mary,Fisher,1
2074,Mary,Gross,1
2082,Megan,Holland,1
2087,Mary,Burton,1
2097,Mary,Smith,1
2102,Mary,Parks,1
2103,Megan,Smith,1
2107,Paul,Smith,1
2109,Mary,Smith,1
2110,Cynthia,Myers,1
2113,David,Smith,1
2114,Timothy,Vega,1
2117,Hannah,Wilcox,1
2124,Matthew,Montgomery,1
2125,Mary,Smith,1
2127,Joshua,Smith,1
2129,William,Charles,1
2133,Rebecca,Roberts,1
2143,Elizabeth,Herrera,1
2144,Mary,Trevino,1
2146,Mary,Hall,1
2149,Mary,Smith,1
2150,Andrea,Lawson,1
2153,Nathan,Price,1
2154,Mary,Andrews,1
2159,Kimberly,Sweeney,1
2162,Margaret,Smith,1
2169,Betty,Ayala,1
2175,Mary,Smith,1
2176,Nicholas,Meyers,1
2177,Mary,Smith,1
2179,Mary,Duncan,1
2180,Shirley,Smith,1
2184,Randy,Johnson,1
2185,Mary,Mitchell,1
2193,Catherine,Smith,1
2196,Mary,Jacobs,1
2203,Evelyn,Davenport,1
2211,Debra,Harvey,1
2212,Mary,Smith,1
2221,Richard,Edwards,1
2222,Paul,Cook,1
2225,Mary,Smith,1
2227,Mary,Smith,1
2228,Carolyn,Woods,1
2236,Jeffrey,Whitney,1
2241,Katherine,Smith,1
2243,George,Mayer,1
2244,Mary,Smith,1
2252,Mary,Smith,1
2255,Cheryl,Kline,1
2256,Mary,Smith,1
2260,Laura,Haas,1
2263,Mary,Smith,1
2265,Mary,Smith,1
2271,Robert,Lee,1
2277,Ruth,Arnold,1
2278,Marie,Smith,1
2280,Mary,Smith,1
2291,Mary,Mcdonald,1
2292,Ashley,Smith,1
2298,Elizabeth,Smith,1
2304,Mary,Oconnell,1
2309,Evelyn,Gibson,1
2313,Mary,Forbes,1
2317,Mary,Bridges,1
2321,Mary,Patel,1
2322,Zachary,Smith,1
2325,Mary,Johnson,1
2326,Charles,Jones,1
2330,Sharon,Sellers,1
2331,Mary,Smith,1
2335,Harold,Howell,1
2346,Mary,Bishop,1
2351,Mary,Fuller,1
2352,Timothy,Waller,1
2359,Emily,Hubbard,1
2361,Mary,Richards,1
2362,Samantha,Smith,1
2367,Sean,Smith,1
2371,Barbara,Smith,1
2377,Sandra,Castro,1
2378,Mary,Todd,1
2381,Betty,Smith,1
2382,Mary,Holloway,1
2386,Carl,Mayo,1
2387,Mary,Smith,1
2395,Frances,Johnson,1
2403,Christopher,Hall,1
2406,Mary,Adams,1
2411,James,Smith,1
2420,Mary,Smith,1
2423,Dennis,Smith,1
2425,Donna,Smith,1
2429,Mary,Roberts,1
2431,Olivia,Moore,1
2432,Mary,Moyer,1
2434,Betty,Gordon,1
2439,Mary,Smith,1
2441,Mary,Smith,1
2443,Mary,Gross,1
2446,Paul,Hamilton,1
2451,Joshua,Garcia,1
2456,Joan,Donaldson,1
2457,Carl,Mercer,1
2458,Mary,Smith,1
2460,David,Larsen,1
2462,Lawrence,Kent,1
2468,Mary,Chapman,1
2471,Olivia,Smith,1
2479,Mary,Miller,1
2481,Mary,Clements,1
2492,Mary,Fischer,1
2497,Wayne,Hardy,1
2498,Mary,Levine,1
2505,Jessica,Johnson,1
2508,Brandon,Adkins,1
2509,Grace,Smith,1
2515,Susan,Smith,1
2517,Jose,Kane,1
2518,Mary,Smith,1
2520,Gregory,Buck,1
2522,Edward,Dominguez,1
2525,Nancy,Smith,1
2528,Mary,Acevedo,1
2531,Mary,Fitzpatrick,1
2533,Christina,Barker,1
2534,Walter,Smith,1
2537,Mary,Smith,1
2540,Patricia,Smith,1
2543,Alan,Weber,1
2545,Larry,Patel,1
2546,Mary,Smith,1
2547,Walter,Fuller,1
2549,Stephanie,Smith,1
2553,Hannah,Ellison,1
2560,Mary,Gilmore,1
2561,Angela,Smith,1
2562,Mary,Anderson,1
2567,Mary,Mclean,1
2569,Mary,Duncan,1
2575,Mary,Carroll,1
2581,Mary,Smith,1
2583,Michelle,Smith,1
2589,Nathan,Taylor,1
2590,Mary,Andrade,1
2591,Patricia,Smith,1
2593,Mary,Nichols,1
2595,Amy,Smith,1
2597,Brandon,Smith,1
2604,Betty,Garrett,1
2605,Catherine,Smith,1
2607,Mary,Smith,1
2608,Madison,Dunn,1
2610,Virginia,Johnson,1
2612,Lori,Smith,1
2615,Carol,Smith,1
2620,Mary,Smith,1
2634,Mary,Smith,1
2635,Victoria,Hendricks,1
2637,Bobby,Shelton,1
2638,Mary,Hardy,1
2642,Mary,Gould,1
2646,Mary,Daugherty,1
2649,Robert,Smith,1
2650,David,Nguyen,1
2655,Mary,Gates,1
2657,Brian,Roberson,1
2658,Sara,Cisneros,1
2668,Mary,Davis,1
2669,Dorothy,Buck,1
2687,Kelly,Smith,1
2691,Donald,Jimenez,1
2696,Ashley,Smith,1
2700,Ruth,Le,1
2701,Christine,Smith,1
2707,Mary,Smith,1
2712,Mary,Castillo,1
2721,Matthew,Smith,1
2724,Dorothy,Smith,1
2727,Henry,Smith,1
2733,David,Smith,1
2744,Amanda,Fitzgerald,1
2745,Mary,Escobar,1
2748,Nicole,Michael,1
2752,Mary,Hardin,1
2754,Mary,Rich,1
2759,Carolyn,Ritter,1
2763,Frances,Smith,1
2765,Donald,Osborn,1
2766,Mary,Smith,1
2771,Mary,Smith,1
2773,Linda,Hale,1
2775,Mary,Hayes,1
2776,James,Meadows,1
2777,Christina,Smith,1
2778,Mary,Cooper,1
2781,Jean,Morton,1
2782,Bruce,Smith,1
2783,Mary,Willis,1
2786,Adam,Navarro,1
2787,Mary,Smith,1
2794,Patricia,Allen,1
2798,Michelle,Petersen,1
2803,Mary,Spencer,1
2804,Matthew,Norman,1
2806,Mary,Garcia,1
2808,Mary,Smith,1
2811,Thomas,Smith,1
2813,Mary,Smith,1
2818,Mary,Smith,1
2819,Julie,Lin,1
2822,James,Ashley,1
2831,Mary,Padilla,1
2836,Mary,Smith,1
2837,Michael,Wilson,1
2845,Ryan,Collins,1
2861,Mary,Williamson,1
2863,Roger,Smith,1
2864,Mary,Kelly,1
2866,Jerry,Smith,1
2872,Mary,Ortiz,1
2876,Maria,Smith,1
2877,Mary,Ramirez,1
2880,Linda,Walters,1
2887,Elizabeth,Smith,1
2890,Mary,Taylor,1
2894,Mary,Smith,1
2895,Dylan,Butler,1
2898,Christine,Smith,1
2904,Lisa,Walton,1
2905,Kelly,Livingston,1
2906,Mary,Smith,1
2908,Mary,Smith,1
2910,Timothy,Curtis,1
2912,William,Chen,1
2915,Sandra,Green,1
2916,Cynthia,Nelson,1
2921,Denise,Smith,1
2923,Mary,Smith,1
2925,Mary,Baird,1
2927,Mary,Sanchez,1
2936,Edward,Myers,1
2948,Mary,Brown,1
2952,Mary,Smith,1
2953,Donna,Jones,1
2956,William,Harris,1
2958,Mary,Oconnell,1
2960,Megan,Rogers,1
2964,Eugene,Hamilton,1
2966,Christina,Ewing,1
2967,Mary,Smith,1
2968,Julia,Scott,1
2970,Kenneth,Smith,1
2973,Pamela,Smith,1
2975,Amy,Smith,1
2976,Mary,Rivers,1
2983,Joan,Lewis,1
2985,Donald,Price,1
2989,Mary,Henderson,1
2990,Michael,Smith,1
2993,Mildred,Clark,1
2994,Mary,Lawson,1
2997,Mary,Gardner,1
3002,Mary,Carter,1
3007,Jessica,Shannon,1
3010,Walter,Hamilton,1
3017,Frank,Thompson,1
3018,Mary,Smith,1
3022,Jose,Smith,1
3025,Sarah,Smith,1
3032,Mary,Wilson,1
3034,Mary,Smith,1
3037,Christopher,Smith,1
3038,Mary,Schmidt,1
3041,Mary,Jones,1
3042,David,Howell,1
3045,Lisa,Smith,1
3047,Barbara,Smith,1
3050,Mary,Smith,1
3052,Mary,Morales,1
3053,Jennifer,Harvey,1
3054,Gregory,Pope,1
3056,George,Middleton,1
3057,Mary,Smith,1
3060,Mary,Smith,1
3066,Mary,Smith,1
3068,Margaret,Smith,1
3071,Mary,Meadows,1
3074,Mary,Smith,1
3079,Charles,Diaz,1
3080,Mary,Smith,1
3084,Mary,Fisher,1
3097,Douglas,Hanna,1
3102,Ralph,Dixon,1
3103,Mary,Wilkins,1
3106,Samantha,Smith,1
3109,Jack,James,1
3115,Tammy,Leblanc,1
3117,Jacob,Murphy,1
3118,Mary,Francis,1
3121,Mary,Murphy,1
3129,Mary,Morton,1
3136,Mary,Sharp,1
3142,Brenda,Smith,1
3143,Mary,Jones,1
3144,Pamela,Browning,1
3154,Terry,Thomas,1
3161,Barbara,Arias,1
3167,Janice,Ward,1
3168,Mary,Smith,1
3179,Mary,Compton,1
3180,Raymond,Smith,1
3195,Mary,Smith,1
3197,Mary,Holloway,1
3200,Mary,Barron,1
3202,Emma,Wilson,1
3206,Mary,Smith,1
3207,Stephen,Smith,1
3208,Mildred,Short,1
3210,Richard,Welch,1
3212,Laura,Griffin,1
3216,Roy,Watts,1
3218,Steven,Mann,1
3224,Kevin,Bowers,1
3228,Susan,Zhang,1
3229,Teresa,Smith,1
3232,Olivia,Smith,1
3235,Lori,Baker,1
3236,Mary,Smith,1
3238,Benjamin,Hoffman,1
3256,Michael,Smith,1
3260,Matthew,Smith,1
3265,Juan,Pena,1
3269,Margaret,Wade,1
3271,Mary,Simon,1
3276,Mary,Owens,1
3277,Jennifer,Smith,1
3280,Kathleen,Smith,1
3283,Charles,Ramos,1
3287,Mary,Malone,1
3288,Stephanie,Smith,1
3289,Mary,Adkins,1
3292,Ruth,Smith,1
3295,Maria,Joseph,1
3296,Mary,Smith,1
3300,Mary,Simpson,1
3306,Mary,Woods,1
3309,Mary,Williams,1
3310,Robert,Porter,1
3314,Charles,Smith,1
3315,Andrew,Butler,1
3317,Betty,Smith,1
3319,Adam,Prince,1
3321,Robert,Medina,1
3325,Danielle,Rios,1
3328,Mary,Cannon,1
3329,Joshua,Smith,1
3330,Mary,Johnson,1
3332,Mary,Robinson,1
3333,James,Massey,1
3336,Sandra,Hunter,1
3339,Mary,Payne,1
3344,Mary,Park,1
3347,Mary,Christian,1
3348,James,Lynn,1
3355,Mary,Morales,1
3360,Mary,Bailey,1
3367,Betty,Smith,1
3368,Mary,Jackson,1
3369,Joseph,Clark,1
3371,David,Dixon,1
3374,Christine,Smith,1
3382,Donald,Baker,1
3383,Jose,Casey,1
3384,Mary,Smith,1
3390,Elizabeth,Stephenson,1
3391,Rebecca,Smith,1
3402,Mary,Wilkerson,1
3408,Catherine,Ryan,1
3412,Pamela,Smith,1
3413,Mary,Underwood,1
3414,Ruth,Smith,1
3415,Frances,Gomez,1
3422,Julia,Woodard,1
3425,Andrea,Smith,1
3428,Madison,Joseph,1
3431,Mary,Berger,1
3435,Mary,Smith,1
3439,Pamela,Smith,1
3441,Emma,Russell,1
3443,James,Smith,1
3445,Andrew,Smith,1
3446,Kathryn,Wright,1
3452,Mary,Nelson,1
3455,Mary,Smith,1
3458,Henry,Smith,1
3460,Linda,Hinton,1
3466,Evelyn,Smith,1
3469,Rebecca,Harmon,1
3470,Carolyn,Petersen,1
3474,Jack,Hatfield,1
3477,Mary,Smith,1
3479,Mary,Vang,1
3485,Mary,Smith,1
3486,Carol,Thompson,1
3490,Mary,Smith,1
3494,Cheryl,Smith,1
3496,Brittany,Holmes,1
3497,Mary,Smith,1
3498,Elizabeth,Ramos,1
3503,Kathryn,Davis,1
3522,Adam,Smith,1
3526,Kevin,Durham,1
3528,Nicole,Brooks,1
3530,Mary,Smith,1
3533,Mary,Smith,1
3537,Ralph,Smith,1
3538,Mary,Henry,1
3539,Richard,Smith,1
3544,Danielle,Smith,1
3547,Rebecca,Waller,1
3548,Mary,Smith,1
3550,Mary,Garner,1
3551,Richard,Kramer,1
3552,Kathleen,Smith,1
3555,Gregory,Walker,1
3570,Mary,Nelson,1
3571,Laura,Smith,1
3572,Mary,Bennett,1
3577,Michael,Martin,1
3580,Jessica,Larson,1
3587,Michelle,Potter,1
3589,Mary,Smith,1
3592,Mary,Smith,1
3598,Marilyn,Morris,1
3606,Joan,Strickland,1
3609,James,Waters,1
3613,Mary,York,1
3622,Donald,Stanley,1
3625,Mary,Smith,1
3629,Mary,Smith,1
3630,Barbara,King,1
3631,Mary,Smith,1
3636,Willie,Smith,1
3637,Mary,Wu,1
3640,Mary,Serrano,1
3641,Thomas,Smith,1
3643,Donald,Smith,1
3648,Mary,Parker,1
3649,Andrew,Nguyen,1
3650,Wayne,Smith,1
3652,Ann,Esparza,1
3660,Roger,Smith,1
3671,Mary,Johnson,1
3677,Sandra,Edwards,1
3678,Alice,Castro,1
3680,David,Smith,1
3682,Emily,Romero,1
3684,Patrick,Smith,1
3685,Mary,Watson,1
3686,Jacob,Casey,1
3689,Mary,Wallace,1
3690,Brittany,Williamson,1
3692,James,Smith,1
3697,Mary,Hobbs,1
3702,Mary,Smith,1
3703,Christine,Reynolds,1
3707,Mary,Smith,1
3709,Mary,Padilla,1
3717,Mary,Smith,1
3719,Mary,Ortiz,1
3727,Janet,Espinoza,1
3729,John,Peters,1
3730,Eric,Clements,1
3734,Katherine,Smith,1
3735,Mary,Lewis,1
3738,Cheryl,Smith,1
3744,Michael,Hancock,1
3747,Mary,Lloyd,1
3748,Brenda,Smith,1
3750,Mary,Smith,1
3752,Mary,Vega,1
3753,Hannah,Smith,1
3754,Mary,Sims,1
3760,Christine,Burns,1
3771,David,Phelps,1
3774,Mary,Smith,1
3776,Amber,Faulkner,1
3783,Albert,Smith,1
3793,Janet,Best,1
3794,Julia,Smith,1
3797,David,Gutierrez,1
3800,Shawn,Smith,1
3801,Mary,Hendrix,1
3803,Mary,Salazar,1
3806,Adam,Carson,1
3808,Nancy,Smith,1
3809,Melissa,Taylor,1
3810,Rose,Lamb,1
3812,Robert,Hayes,1
3813,Andrew,Smith,1
3815,Mary,Sloan,1
3820,Jessica,Carter,1
3823,Charles,Ortega,1
3826,Patricia,Vincent,1
3828,Janice,Carpenter,1
3837,Mary,Smith,1
3844,Justin,Haynes,1
3850,Christina,Nelson,1
3853,Eugene,Smith,1
3856,Mary,Long,1
3858,Martha,Smith,1
3860,Susan,Walker,1
3863,Mary,Walker,1
3865,Jessica,Hunter,1
3868,Rachel,Smith,1
3870,Willie,Smith,1
3875,Frances,Smith,1
3877,John,Mcclure,1
3879,Melissa,Davis,1
3882,Joshua,Campbell,1
3883,Marie,Gomez,1
3884,Mary,Smith,1
3885,Andrew,Compton,1
3891,Mary,Bowman,1
3892,Billy,Smith,1
3901,Julia,Hubbard,1
3907,Gary,Gomez,1
3909,Amber,Walker,1
3911,Margaret,Melton,1
3912,Mary,Pace,1
3917,Terry,David,1
3924,Rebecca,Smith,1
3925,Mary,Hicks,1
3929,Amanda,Levy,1
3930,Mary,Smith,1
3931,Linda,Vasquez,1
3932,Evelyn,Smith,1
3938,Mary,Smith,1
3940,Mary,Smith,1
3942,Stephanie,Smith,1
3944,James,Smith,1
3948,George,Smith,1
3949,Mary,Lee,1
3950,John,Duffy,1
3958,Ashley,Moreno,1
3965,Mary,Douglas,1
3966,Emma,Smith,1
3973,Sharon,Parsons,1
3975,Louis,Meadows,1
3980,Frances,Smith,1
3985,Debra,Gates,1
3986,Mary,Smith,1
3987,Alice,Allen,1
3993,Mary,Crawford,1
3994,Susan,Smith,1
3995,Kathryn,Gallegos,1
3997,Margaret,Walker,1
4002,Mary,Smith,1
4003,Joseph,Harper,1
4008,Diana,Smith,1
4012,Mary,Smith,1
4016,Mary,Smith,1
4017,James,Goodwin,1
4022,Mary,Harding,1
4025,Janet,Schmidt,1
4026,Mary,Smith,1
4030,Angela,Smith,1
4031,Mary,Wall,1
4033,George,Simmons,1
4038,Mary,Smith,1
4044,Stephen,Smith,1
4045,Mary,Neal,1
4046,Eric,Smith,1
4048,Mary,Smith,1
4054,Mary,Smith,1
4059,Alexander,Torres,1
4067,Mary,Smith,1
4079,Timothy,Faulkner,1
4080,Mary,Smith,1
4084,Brenda,Cook,1
4088,Kathleen,Reynolds,1
4089,Samantha,Nunez,1
4094,Judith,Smith,1
4109,Scott,Shaffer,1
4114,Mary,Schultz,1
4116,Mary,Smith,1
4117,Matthew,Harrison,1
4124,Jerry,Larsen,1
4125,Mary,Smith,1
4126,John,Stokes,1
4128,Mary,Simmons,1
4130,Amber,Smith,1
4132,Thomas,Smith,1
4133,Mary,Snyder,1
4138,Mary,Smith,1
4139,Michelle,Cross,1
4142,Matthew,Roth,1
4144,David,Collins,1
4145,Tyler,Fernandez,1
4146,Mary,Brock,1
4150,Jordan,Riley,1
4151,Mary,Smith,1
4154,Mary,Smith,1
4157,Sara,Brewer,1
4163,Grace,Welch,1
4164,Mary,Smith,1
4170,Debra,Smith,1
4179,Nicole,Sullivan,1
4180,Mary,Hicks,1
4181,Aaron,Hudson,1
4185,Mary,Hendricks,1
4187,Jesse,Mack,1
4189,Heather,Johnson,1
4191,Kimberly,Salazar,1
4199,Mary,Smith,1
4200,Ralph,Campbell,1
4202,Kimberly,Griffin,1
4203,Eric,Nolan,1
4212,Robert,Mendez,1
4214,Olivia,Smith,1
4216,Michael,Smith,1
4218,Mary,Rodgers,1
4225,Amy,Wright,1
4226,Katherine,Smith,1
4227,Mary,Barnes,1
4233,Matthew,Smith,1
4235,Mary,Smith,1
4236,Sandra,Monroe,1
4238,Bryan,Griffin,1
4239,Mary,Smith,1
4240,Kenneth,Collins,1
4241,Mary,Long,1
4242,Benjamin,Arroyo,1
4243,Mary,Smith,1
4251,Mary,Serrano,1
4253,Maria,Smith,1
4255,Brittany,Smith,1
4258,Charles,Rogers,1
4263,Paul,Atkins,1
4264,Michelle,Stuart,1
4265,Debra,Smith,1
4268,Ruth,Deleon,1
4271,Andrea,Alexander,1
4277,Mary,Juarez,1
4278,Andrew,Smith,1
4281,Kenneth,Phelps,1
4283,Eugene,Hardin,1
4296,Edward,Sanchez,1
4297,Mary,Torres,1
4302,Nicole,Downs,1
4308,William,Smith,1
4311,Albert,Collins,1
4317,Jean,Sutton,1
4324,Carolyn,Munoz,1
4330,Robert,Cantrell,1
4331,David,Smith,1
4334,Scott,Parker,1
4335,Mary,Smith,1
4340,Stephen,Beck,1
4342,David,Hartman,1
4343,Donald,Cuevas,1
4344,Justin,Smith,1
4346,James,Smith,1
4349,Donna,Williams,1
4352,Henry,Smith,1
4353,Mary,Sutton,1
4354,Lori,Clements,1
4356,Anthony,Klein,1
4357,Mary,Smith,1
4364,Samantha,Anderson,1
4372,Mary,Smith,1
4377,Mary,Chang,1
4391,Harry,Smith,1
4397,Diana,Wright,1
4398,Mary,Yoder,1
4409,Mary,Foster,1
4411,Kathy,Smith,1
4412,Mary,Ellison,1
4413,James,Smith,1
4416,Crystal,Powell,1
4419,Elizabeth,Fernandez,1
4426,Mary,Smith,1
4428,Mary,Smith,1
4431,Mary,Johnson,1
4433,Michelle,Smith,1
4438,Frank,Jennings,1
4441,Donna,Smith,1
4444,Russell,Sullivan,1
4448,Joseph,Cisneros,1
4450,Mary,Ward,1
4452,Joyce,Lopez,1
4458,Mary,Smith,1
4463,Samuel,Smith,1
4465,John,Sanchez,1
4466,Rachel,Shaw,1
4472,Mary,Smith,1
4474,Mary,Smith,1
4478,Mary,Shah,1
4484,Gloria,Smith,1
4490,Elizabeth,Smith,1
4498,Mary,Brown,1
4505,Mary,Smith,1
4506,Michael,Mccann,1
4510,Rachel,Cochran,1
4514,Carl,Nicholson,1
4519,Kevin,Russell,1
4522,Mary,Dennis,1
4528,Karen,Smith,1
4529,Steven,Morgan,1
4532,Alice,Smith,1
4536,Mary,Griffin,1
4545,Andrea,Smith,1
4549,Mary,Jones,1
4552,Janice,Smith,1
4557,David,Sutton,1
4565,Marilyn,Stone,1
4567,Rose,Smith,1
4573,Mary,Smith,1
4574,Margaret,Mitchell,1
4580,Charles,Smith,1
4582,Brian,House,1
4584,Mary,Yu,1
4585,Lauren,Smith,1
4587,Anthony,Smith,1
4589,Mary,Smith,1
4596,Mary,Burns,1
4598,Gloria,Castro,1
4604,Mary,Pearson,1
4613,Ashley,Gordon,1
4621,Doris,Smith,1
4622,Mary,Holder,1
4625,Mary,Smith,1
4626,Brian,Clark,1
4628,Mary,Smith,1
4629,Kimberly,Davis,1
4632,Brandon,Baldwin,1
4633,Mary,Smith,1
4636,Karen,Smith,1
4639,Kevin,Smith,1
4640,Eric,Landry,1
4641,Rachel,Smith,1
4642,Mary,Nunez,1
4649,Diana,French,1
4654,Alexander,Smith,1
4655,Mary,Harper,1
4658,Sarah,Gallegos,1
4669,Robert,Smith,1
4670,Sharon,Bailey,1
4673,Wayne,Hodges,1
4678,Mary,Jones,1
4679,Sarah,Simpson,1
4683,Mary,Lang,1
4685,Tyler,Holt,1
4688,Mary,Lam,1
4693,Wayne,Evans,1
4696,Mary,Smith,1
4699,William,Smith,1
4702,Mary,Smith,1
4703,Shirley,Lewis,1
4704,Henry,James,1
4709,Jesse,Robinson,1
4715,Kenneth,Smith,1
4718,Stephanie,Wagner,1
4719,Mary,Mcintosh,1
4725,Gerald,Camacho,1
4726,Mary,Smith,1
4729,Robert,Kaufman,1
4730,Karen,Smith,1
4734,Teresa,Wilson,1
4735,Mary,Harris,1
4743,Mary,Smith,1
4754,Mary,Santana,1
4756,Mary,Stanley,1
4758,Mary,Mendoza,1
4759,Charles,Lowe,1
4761,Mary,Shannon,1
4767,Jennifer,Stephenson,1
4770,Andrea,Malone,1
4772,Robert,Gonzalez,1
4778,Amy,Campbell,1
4781,Janet,Smith,1
4787,Brian,Smith,1
4790,Mildred,Smith,1
4791,Mary,Patton,1
4794,Julia,Mosley,1
4795,Mary,Smith,1
4797,Russell,Branch,1
4798,Mary,Smith,1
4799,Paul,Jensen,1
4812,Nathan,Fritz,1
4816,Bruce,Short,1
4820,Jennifer,Smith,1
4832,Raymond,Navarro,1
4833,Mary,Smith,1
4834,Shirley,Miller,1
4835,Katherine,Diaz,1
4839,Ashley,Smith,1
4843,Mary,Sandoval,1
4855,Tyler,Key,1
4857,Nancy,Whitaker,1
4861,Rebecca,Smith,1
4862,Mary,Whitaker,1
4866,Sean,Hoffman,1
4869,Mary,Smith,1
4870,Pamela,Walker,1
4871,Justin,Hall,1
4875,Edward,Peters,1
4882,Mary,Daniels,1
4883,Vincent,Smith,1
4885,Kenneth,Smith,1
4886,Angela,Moore,1
4887,Nicholas,Smith,1
4891,Richard,Smith,1
4892,Mary,Nichols,1
4893,William,Smith,1
4902,Martha,Garcia,1
4904,Bruce,Smith,1
4905,Mary,Hunter,1
4908,Ann,Mccoy,1
4914,Mary,Curtis,1
4915,Matthew,Juarez,1
4917,Lauren,Campbell,1
4918,Mary,Gray,1
4920,Gloria,Ewing,1
4921,Mary,Smith,1
4922,Robert,Russo,1
4924,Mary,Castillo,1
4925,Julia,Zavala,1
4930,Mary,Preston,1
4932,Gerald,Burton,1
4936,Kyle,Smith,1
4937,Mary,Rogers,1
4940,Marie,Snyder,1
4947,Mary,Hobbs,1
4949,Mary,Simmons,1
4952,Elizabeth,Smith,1
4953,Pamela,Burnett,1
4955,Frank,Vaughn,1
4957,Lawrence,Kidd,1
4961,Justin,Kim,1
4962,Arthur,Smith,1
4964,Charles,Martinez,1
4971,Mary,Hogan,1
4973,Alan,Hubbard,1
4976,Mary,Smith,1
4980,Mary,Wilson,1
4988,Michelle,Pierce,1
4993,Mary,Wilson,1
4994,Anthony,Brooks,1
4997,Roy,Todd,1
5000,Mary,Cannon,1
5003,Mary,Alexander,1
5009,Aaron,Smith,1
5011,William,Berg,1
5013,Mary,Peters,1
5016,James,Rangel,1
5019,Mary,Smith,1
5026,Christian,Smith,1
5030,Rose,Harper,1
5031,Mary,George,1
5035,Mary,Drake,1
5037,Amber,Pearson,1
5039,Christopher,Perez,1
5043,Mary,Smith,1
5048,Johnny,Smith,1
5049,Mary,Walton,1
5050,Susan,Nicholson,1
5056,Mary,Smith,1
5057,Angela,Lee,1
5058,Mary,Salinas,1
5065,Donald,Smith,1
5067,Robert,Glass,1
5072,Jacob,Smith,1
5077,Donald,Thompson,1
5078,Frances,Sparks,1
5080,Mary,Smith,1
5084,Edward,Smith,1
5085,Janet,Jones,1
5088,Mary,Smith,1
5090,Margaret,Brandt,1
5091,Sarah,Smith,1
5099,Mary,Mercer,1
5102,Heather,Smith,1
5104,Kevin,Raymond,1
5113,Judith,Osborne,1
5118,Mary,Smith,1
5124,Amber,Smith,1
5133,Grace,Olson,1
5136,Mary,Yoder,1
5142,Mary,Faulkner,1
5148,Grace,Smith,1
5150,Mary,Smith,1
5153,Evelyn,Smith,1
5154,Teresa,Willis,1
5165,Mary,Smith,1
5166,James,Thomas,1
5169,Tiffany,Berger,1
5170,Mary,Smith,1
5179,Robert,Smith,1
5186,Jason,Robinson,1
5189,Frank,Elliott,1
5190,Mary,Smith,1
5191,Elizabeth,Wells,1
5192,Susan,Smith,1
5198,Mary,Smith,1
5201,Michelle,Keith,1
5203,Mary,Chandler,1
5209,Mary,Smith,1
5212,Mary,Smith,1
5213,Betty,Moore,1
5216,Mary,Pitts,1
5227,Madison,Mcfarland,1
5232,Zachary,Gonzales,1
5235,Mary,Smith,1
5237,Mary,Gilbert,1
5247,Mary,Hunter,1
5250,Donald,Smith,1
5254,Victoria,Francis,1
5255,Mary,Marks,1
5260,Mary,Hartman,1
5265,Sarah,Rogers,1
5266,Adam,Pratt,1
5268,Stephen,Blair,1
5272,Jean,Fuentes,1
5279,Kathryn,Smith,1
5283,Jacob,Guerrero,1
5288,Timothy,Smith,1
5289,Jacob,Russo,1
5291,Carolyn,Johnson,1
5294,Nicholas,Smith,1
5296,Evelyn,Jefferson,1
5298,Lisa,Moore,1
5299,Mary,Randall,1
5302,Betty,Smith,1
5310,Ryan,Baird,1
5311,Mary,Smith,1
5312,Nancy,Flores,1
5316,Mary,Harris,1
5318,Jessica,Smith,1
5320,Mary,Garza,1
5325,Diana,Smith,1
5326,Sean,Spencer,1
5329,Jack,Townsend,1
5330,Mary,Smith,1
5332,Mary,Smith,1
5335,Phillip,Paul,1
5340,Nicole,Lewis,1
5341,Mary,West,1
5342,Willie,Flynn,1
5350,Timothy,Solomon,1
5353,Mary,Smith,1
5354,William,King,1
5358,Mary,Smith,1
5359,Raymond,Wu,1
5360,Mary,Smith,1
5362,Brenda,Hendricks,1
5365,Mary,Smith,1
5366,Lawrence,Brooks,1
5369,Mary,Short,1
5371,Emma,Robinson,1
5378,Mary,Frye,1
5383,Mary,Frye,1
5384,Christopher,Smith,1
5391,Mary,Smith,1
5394,Diana,Smith,1
5395,Mary,Bell,1
5396,Cheryl,Smith,1
5401,Amber,Smith,1
5403,Mary,Smith,1
5413,Mary,Smith,1
5414,Helen,Christensen,1
5418,Mary,Roy,1
5423,Ruth,Brown,1
5431,Judith,Peck,1
5446,Mary,Smith,1
5449,Mary,Smith,1
5452,Mary,Olson,1
5458,Harold,Smith,1
5463,Mary,Schultz,1
5464,Peter,Smith,1
5467,Mary,Page,1
5469,Mary,Bradley,1
5472,Joyce,Vance,1
5473,Randy,Smith,1
5476,Lauren,Phillips,1
5477,Mary,Smith,1
5479,Mary,Smith,1
5485,Kathy,Bishop,1
5486,Mary,Smith,1
5489,Teresa,Smith,1
5494,Rose,Smith,1
5504,Mary,Brown,1
5514,Linda,Collins,1
5518,Patricia,Smith,1
5519,Deborah,Archer,1
5523,Mary,Krueger,1
5532,Mary,Smith,1
5533,Mary,Harrison,1
5536,Mary,Smith,1
5537,James,Bryan,1
5541,Johnny,Clements,1
5545,David,Walton,1
5547,Mary,Perry,1
5548,Michael,Crawford,1
5552,Mary,Smith,1
5555,Mary,Smith,1
5560,Mary,Rodriguez,1
5562,Mary,Smith,1
5563,Paul,Trevino,1
5567,Mary,Garza,1
5568,Eric,Smith,1
5570,Mary,Smith,1
5575,Richard,Smith,1
5576,Alice,Meyer,1
5578,Sarah,Becker,1
5579,Mary,Hurley,1
5582,Gloria,Larson,1
5585,Mary,Wilson,1
5586,Catherine,Smith,1
5589,Mary,Smith,1
5590,Frank,Williams,1
5595,Samuel,Santos,1
5596,Mary,Smith,1
5598,Sharon,Smith,1
5600,Helen,Smith,1
5601,Deborah,Roberts,1
5608,James,Smith,1
5611,Michael,Williamson,1
5612,Mary,Huang,1
5613,Michael,Smith,1
5615,Albert,Smith,1
5618,Victoria,Morales,1
5619,Mary,Smith,1
5620,Randy,Watts,1
5621,Mary,Smith,1
5624,Mary,Mata,1
5626,Frank,Morgan,1
5629,Mary,Carey,1
5632,Douglas,Mcbride,1
5633,Mary,Smith,1
5639,Mary,Foster,1
5657,Mary,James,1
5658,Michael,Wiley,1
5660,Mary,Maldonado,1
5662,Mary,Figueroa,1
5663,Jennifer,Smith,1
5665,Mary,Smith,1
5684,Mary,Harmon,1
5688,Robert,Smith,1
5694,Mary,Potter,1
5696,Mary,Rogers,1
5704,Matthew,Smith,1
5706,Mary,Chan,1
5714,Christopher,Meza,1
5719,Mary,Smith,1
5721,Roger,Conner,1
5722,Mary,Smith,1
5723,Samantha,Howard,1
5724,Christian,Doyle,1
5725,Mary,Smith,1
5726,Terry,Hartman,1
5737,Brenda,Miller,1
5738,Mildred,Taylor,1
5739,Mary,Palmer,1
5741,Mary,Spencer,1
5743,Mary,Ball,1
5747,Mary,Morrison,1
5748,Shawn,Mann,1
5749,Mary,Smith,1
5755,Marie,Shah,1
5763,Mary,Smith,1
5764,William,Weiss,1
5772,Andrea,Smith,1
5775,Joyce,Garcia,1
5777,Mary,Terry,1
5778,Evelyn,Smith,1
5779,Mary,Powell,1
5782,Mary,Hardin,1
5783,Daniel,Smith,1
5795,Mary,Smith,1
5797,Roy,Smith,1
5803,Rebecca,Stewart,1
5806,Mary,Smith,1
5813,Mary,Brock,1
5814,Debra,Smith,1
5817,Mary,Diaz,1
5819,Mary,Leon,1
5827,Angela,Fox,1
5829,Mary,Smith,1
5830,Mary,Walker,1
5833,Jessica,Smith,1
5835,Justin,Hoffman,1
5837,Denise,Coffey,1
5842,Lisa,Davis,1
5844,Mary,Smith,1
5845,Daniel,Bruce,1
5850,Robert,Maddox,1
5853,Ralph,Hicks,1
5855,Daniel,Young,1
5856,Melissa,Gomez,1
5859,Ronald,Wilson,1
5860,Alan,Kelly,1
5861,Mary,Mann,1
5862,David,Cantu,1
5865,David,Middleton,1
5867,Beverly,Jackson,1
5870,John,Hughes,1
5873,Jerry,Clark,1
5874,Mary,Smith,1
5875,Mary,Rodgers,1
5880,Jennifer,Kerr,1
5889,Jonathan,Smith,1
5891,Margaret,Chang,1
5898,Emily,Jacobs,1
5899,Mary,Hubbard,1
5903,Virginia,Smith,1
5906,Austin,Anderson,1
5909,Catherine,Owens,1
5910,Mary,Heath,1
5913,Cynthia,Daniel,1
5915,Mary,Hamilton,1
5917,Ashley,Smith,1
5920,Dorothy,Smith,1
5926,Mary,Smith,1
5927,Christopher,Cooper,1
5928,Janice,Chavez,1
5936,Michael,Davis,1
5941,Douglas,Smith,1
5943,Mary,Sherman,1
5945,Mary,Young,1
5948,Mary,Smith,1
5950,Mary,Smith,1
5960,Margaret,Smith,1
5962,Jordan,Smith,1
5965,Richard,Parker,1
5968,Deborah,Smith,1
5969,Adam,Hampton,1
5973,Michael,Smith,1
5974,Harold,Weiss,1
5975,Mary,Smith,1
5979,Mary,Kerr,1
5980,Betty,Smith,1
5983,Mary,Anderson,1
5985,Mary,Smith,1
5986,Matthew,Rowe,1
5987,Mary,Smith,1
5994,Mary,Smith,1
5995,Emma,Foster,1
6001,Andrew,Smith,1
6011,Phillip,Smith,1
6012,Mary,Mayo,1
6016,Mary,Smith,1
6022,Mary,Smith,1
6024,Jesse,Berry,1
6026,Diana,Smith,1
6029,Donald,Smith,1
6039,Theresa,Mills,1
6046,Brandon,Merritt,1
6047,Mary,Smith,1
6048,Mary,Hanson,1
6050,Rebecca,Arnold,1
6051,Gregory,Hoffman,1
6054,Richard,Reilly,1
6055,Carol,Smith,1
6062,Thomas,Mejia,1
6063,Judith,Meadows,1
6068,Michael,Green,1
6069,Helen,Smith,1
6070,Debra,Espinoza,1
6073,Mary,Campos,1
6074,Danielle,Smith,1
6075,Mary,Smith,1
6083,Andrea,Scott,1
6086,Mary,Hutchinson,1
6088,Mary,Brooks,1
6090,Mary,Smith,1
6091,Alan,Hunt,1
6092,Mary,Smith,1
6093,Douglas,Jacobs,1
6094,Gerald,Dorsey,1
6102,Henry,Hamilton,1
6108,Emma,Smith,1
6115,Mary,Smith,1
6116,Kimberly,Tanner,1
6118,Mary,Smith,1
6119,Sandra,Leach,1
6122,Johnny,Smith,1
6123,Mary,Anderson,1
6126,Mary,Smith,1
6128,Mary,Larsen,1
6133,Mary,Smith,1
6134,James,Reyes,1
6139,Mary,Jarvis,1
6145,Tiffany,Wade,1
6146,Mary,Rowe,1
6151,Mary,Jones,1
6157,Susan,Gomez,1
6159,Mary,Smith,1
6160,William,Schroeder,1
6163,Mary,Smith,1
6165,Mary,Gardner,1
6166,Margaret,Smith,1
6167,Larry,Ryan,1
6168,Arthur,Li,1
6173,Amanda,Lewis,1
6176,William,Garza,1
6178,Mary,Smith,1
6179,Samuel,Henderson,1
6184,James,Potter,1
6187,Mary,Hess,1
6188,Kevin,Davies,1
6189,Mary,Smith,1
6191,Donna,Smith,1
6193,Mary,Li,1
6197,Dennis,Durham,1
6200,Brenda,Robles,1
6201,Judy,Smith,1
6209,Mary,Lopez,1
6229,Mary,Smith,1
6237,Bobby,Anderson,1
6239,Karen,Mcdonald,1
6244,Mary,Smith,1
6249,Mary,Andrade,1
6255,Joshua,Smith,1
6256,Mary,Murray,1
6257,Alice,Boyd,1
6270,Julia,Smith,1
6271,Mary,Gutierrez,1
6277,Eugene,Smith,1
6278,Mary,Brown,1
6279,Gary,Lewis,1
6283,Joan,Case,1
6285,Mary,Garcia,1
6287,Mary,Smith,1
6289,Madison,Gould,1
6294,Thomas,Smith,1
6297,Patricia,Contreras,1
6301,Mary,Weaver,1
6302,Christina,Tapia,1
6303,Mary,Smith,1
6304,Justin,Parker,1
6308,Mary,Wu,1
6309,Cynthia,Smith,1
6311,Mary,Lloyd,1
6319,Mary,Merritt,1
6328,Austin,Walters,1
6330,Mary,Hodges,1
6331,Amy,Smith,1
6332,Mary,Kelly,1
6345,David,Miller,1
6346,Mary,Cooley,1
6347,Mark,Smith,1
6350,Mary,Wilson,1
6356,Mary,Smith,1
6357,Ruth,Moore,1
6358,Mary,Ortega,1
6359,Jerry,Smith,1
6362,Ethan,Smith,1
6364,Megan,Hudson,1
6367,Daniel,Smith,1
6373,Mary,Walker,1
6376,Crystal,Rodriguez,1
6378,Steven,Elliott,1
6382,Mary,Morales,1
6383,David,Maxwell,1
6385,Alan,Jennings,1
6388,Emma,Smith,1
6393,Mary,Smith,1
6395,Mary,Page,1
6396,Frank,Smith,1
6397,Mary,Carr,1
6399,Mary,Jones,1
6405,Mary,Anderson,1
6415,Terry,Carpenter,1
6420,Jacqueline,Mahoney,1
6423,Dylan,Smith,1
6432,Phillip,Maldonado,1
6434,Rebecca,Carter,1
6440,Jessica,Smith,1
6444,John,Smith,1
6446,Mary,Smith,1
6448,Mary,Lawrence,1
6452,Tiffany,Smith,1
6457,Dorothy,Coleman,1
6458,Jonathan,Franco,1
6459,Vincent,Valenzuela,1
6461,Patricia,Delgado,1
6464,Wayne,Mahoney,1
6465,Mary,Smith,1
6470,Douglas,Smith,1
6473,Mary,Castillo,1
6474,Madison,Smith,1
6477,Jerry,Booker,1
6480,Ryan,Austin,1
6483,Mary,Smith,1
6484,George,Jordan,1
6487,Stephen,Salinas,1
6488,Mary,Smith,1
6494,Brittany,Smith,1
6497,Mary,Lee,1
6501,Mary,Smith,1
6503,Heather,Smith,1
6504,Mary,Herman,1
6508,Philip,Smith,1
6512,Rachel,Burke,1
6518,Mary,Smith,1
6521,Mary,Hanson,1
6524,Megan,Brown,1
6531,Sara,Smith,1
6532,Mary,Dixon,1
6542,Cynthia,Moran,1
6543,Alexander,Smith,1
6552,Brenda,Smith,1
6554,Mary,Smith,1
6566,David,Beck,1
6568,Mary,Wilson,1
6569,Samantha,Allen,1
6579,Mary,Long,1
6581,Christian,Smith,1
6583,Heather,Ibarra,1
6591,Lauren,Smith,1
6600,Arthur,Smith,1
6602,Robert,Smith,1
6603,Brenda,Gonzalez,1
6605,Mary,Branch,1
6611,Dennis,Smith,1
6612,Mary,Chaney,1
6616,Shirley,Smith,1
6621,Joan,Hayes,1
6624,Mary,Todd,1
6630,Roy,Malone,1
6632,Jessica,Smith,1
6633,Roger,Gonzales,1
6634,Mary,Smith,1
6640,Patricia,Gonzalez,1
6641,Debra,Gonzales,1
6648,Austin,Ho,1
6659,John,Frederick,1
6660,Christine,Smith,1
6662,Mary,Rocha,1
6664,Mary,Hall,1
6666,Jean,Austin,1
6669,Mary,Smith,1
6671,Randy,Chambers,1
6675,Mary,Smith,1
6680,Heather,Moore,1
6685,Lori,Smith,1
6690,Mary,Gilbert,1
6691,John,Smith,1
6699,Mary,Smith,1
6700,Virginia,Walker,1
6703,Mary,Smith,1
6707,Grace,Smith,1
6711,Mary,Yang,1
6715,Mary,Edwards,1
6717,Stephen,Smith,1
6721,Mary,Poole,1
6722,Amy,Smith,1
6723,Mary,Burns,1
6724,Benjamin,Smith,1
6729,Janice,Russell,1
6730,Mary,Gallegos,1
6740,Brian,Smith,1
6741,Mary,Rogers,1
6742,David,Richardson,1
6750,Alan,Smith,1
6752,Daniel,Smith,1
6755,Mary,Callahan,1
6756,Jean,Smith,1
6758,John,Chung,1
6759,Matthew,Smith,1
6761,Ethan,Burgess,1
6772,Doris,Smith,1
6780,Sean,Chung,1
6781,Mary,Smith,1
6783,Mary,Smith,1
6784,Brian,Weber,1
6786,Robert,Smith,1
6789,Jessica,Mcintosh,1
6792,Mary,Smith,1
6800,Christine,Ford,1
6812,Sharon,Smith,1
6814,Mary,May,1
6816,Steven,Smith,1
6821,Dennis,Lopez,1
6829,Mary,Mcdonald,1
6833,Matthew,Watkins,1
6835,Robert,Singh,1
6838,Lisa,Garcia,1
6842,Carol,Reese,1
6850,Russell,Taylor,1
6855,Louis,Callahan,1
6859,Mary,Smith,1
6862,Mary,Taylor,1
6863,Joshua,Smith,1
6865,Mary,Becker,1
6866,Wayne,Smith,1
6871,Gregory,Bowman,1
6873,Steven,Smith,1
6879,Mark,Mcguire,1
6884,Amber,Carr,1
6892,Robert,Kramer,1
6893,Deborah,Smith,1
6896,Donna,Smith,1
6898,Nathan,Butler,1
6903,Alexander,Moore,1
6904,Mary,Smith,1
6906,Rebecca,Watkins,1
6907,Timothy,Smith,1
6909,Mary,Salinas,1
6910,Carol,Smith,1
6912,Kathy,Smith,1
6917,Mary,Roberts,1
6922,Mary,Smith,1
6927,Mary,Cohen,1
6928,Heather,Smith,1
6929,Mary,Lopez,1
6931,Nicole,Smith,1
6935,Debra,Preston,1
6939,Amber,Jimenez,1
6942,Jordan,Moran,1
6950,Nicholas,Smith,1
6951,Mary,Williams,1
6954,Mary,Morse,1
6955,Amber,Smith,1
6956,Mary,Anderson,1
6957,James,Knight,1
6960,Mary,Smith,1
6961,James,Mitchell,1
6963,Mary,Smith,1
6965,Mary,Chang,1
6970,Helen,Long,1
6972,Grace,Black,1
6976,Debra,Jennings,1
6977,Mary,Short,1
6985,Daniel,Smith,1
6986,Judith,Taylor,1
6997,Mary,Smith,1
6998,Catherine,Jimenez,1
6999,Mary,Pitts,1
7003,Harry,Patrick,1
7006,George,Smith,1
7010,Jessica,Kelley,1
7022,Mary,Smith,1
7024,Jerry,Smith,1
7027,Mary,Smith,1
7028,Elizabeth,Edwards,1
7030,Mary,Schaefer,1
7032,Mary,Gonzalez,1
7038,Christopher,Smith,1
7040,Mary,Koch,1
7041,Nancy,Smith,1
7043,Cheryl,Smith,1
7047,Sean,Burch,1
7049,Justin,Graham,1
7065,Mary,Watson,1
7066,Emma,Mcclain,1
7068,Gloria,Freeman,1
7073,Joan,Smith,1
7075,Frank,Smith,1
7076,Mary,Olson,1
7077,Katherine,Krueger,1
7079,Matthew,Thomas,1
7093,Mary,Ochoa,1
7095,Amanda,Hogan,1
7096,Mary,Smith,1
7108,Timothy,Smith,1
7114,Deborah,Smith,1
7115,Brandon,Willis,1
7116,Mary,Smith,1
7117,Teresa,Edwards,1
7132,David,Guerra,1
7133,Kathy,Smith,1
7136,Mary,Smith,1
7143,Mary,Burnett,1
7148,Kyle,Martinez,1
7149,Billy,Weeks,1
7151,George,Henry,1
7158,Mary,Todd,1
7160,Mary,Allen,1
7161,Joseph,Sexton,1
7162,Paul,Smith,1
7164,Paul,Miller,1
7165,Douglas,Watts,1
7169,Cheryl,Smith,1
7172,Louis,Smith,1
7176,Mary,Hudson,1
7180,Mary,Walton,1
7185,Amber,Smith,1
7188,Mary,Whitaker,1
7190,Mary,Mckinney,1
7192,Mary,Bowers,1
7193,Jennifer,Smith,1
7197,Denise,Smith,1
7200,Katherine,Smith,1
7205,Maria,Jordan,1
7212,Mary,Howard,1
7213,Daniel,Lowe,1
7216,Mary,Hendrix,1
7217,Carl,Smith,1
7218,Mary,Nguyen,1
7220,Mary,Lyons,1
7227,Mary,Hernandez,1
7228,Joseph,Ryan,1
7229,Mary,Smith,1
7230,David,Saunders,1
7231,Jack,Smith,1
7232,Mary,Garcia,1
7240,Mary,Smith,1
7244,Jeremy,Washington,1
7245,Mary,Peters,1
7253,Joseph,Johnston,1
7260,Nathan,Gilmore,1
7262,Laura,Lee,1
7263,Samuel,Smith,1
7268,Mary,Reed,1
7270,Mary,Smith,1
7274,Linda,Allen,1
7290,Brittany,Gray,1
7294,Sharon,Ball,1
7295,Mary,Smith,1
7297,Philip,Smith,1
7299,James,Burns,1
7302,Angela,Little,1
7308,Teresa,Jensen,1
7310,Mary,Maldonado,1
7312,Mary,Armstrong,1
7314,Bruce,Mccullough,1
7315,Mary,Smith,1
7316,Marilyn,Wu,1
7321,Mary,Haas,1
7325,Mary,Smith,1
7326,Susan,Smith,1
7328,Mary,Smith,1
7329,Deborah,Mendez,1
7330,Mary,Smith,1
7341,Jennifer,Bennett,1
7349,Cynthia,Walker,1
7359,Alexander,Jacobs,1
7361,James,Long,1
7362,Nicholas,Smith,1
7364,Janet,Smith,1
7365,Mary,Gray,1
7367,Joseph,Smith,1
7368,Hannah,Morton,1
7369,Mary,Smith,1
7371,Mark,Smith,1
7374,Brenda,Smith,1
7382,Dorothy,Smith,1
7385,Richard,Arellano,1
7386,Joshua,Smith,1
7388,Judith,Smith,1
7394,Kenneth,Stevens,1
7396,Mary,Madden,1
7402,Joseph,Frye,1
7407,Diane,Kim,1
7410,Mary,Smith,1
7413,Mary,Jenkins,1
7415,Mary,Smith,1
7417,Mary,Soto,1
7424,Mary,Parks,1
7428,Mary,Gomez,1
7441,Linda,Smith,1
7442,Brenda,Evans,1
7445,Mary,Smith,1
7447,Janet,Dillon,1
7452,Mary,Goodman,1
7453,John,Smith,1
7455,Ann,Smith,1
7456,Mary,Gallegos,1
7457,Cheryl,Smith,1
7468,Mary,Hebert,1
7472,William,Howard,1
7473,Mary,Smith,1
7475,Joan,Smith,1
7476,Benjamin,Cole,1
7477,Mary,Todd,1
7481,Lori,Lawson,1
7482,Mary,Smith,1
7489,Teresa,Ritter,1
7492,Vincent,Smith,1
7503,Mary,Mathews,1
7509,Mary,Case,1
7510,Kathryn,Smith,1
7511,Mary,Park,1
7517,Anna,Sullivan,1
7522,David,Smith,1
7524,Mary,Smith,1
7528,Mary,Bishop,1
7530,Emily,Russell,1
7536,Virginia,Smith,1
7540,Mary,Snow,1
7556,Samantha,Davis,1
7563,Elizabeth,Moody,1
7564,Christopher,Smith,1
7565,Jean,Donovan,1
7566,Mary,Smith,1
7572,Mary,Smith,1
7573,Bobby,Pena,1
7575,Mary,Romero,1
7576,Frances,Smith,1
7578,Keith,Kirby,1
7586,Christina,Sanchez,1
7587,Mary,Barnett,1
7590,Robert,Johnson,1
7593,Roger,Bowman,1
7601,Mary,Smith,1
7607,Scott,Smith,1
7609,Mary,Smith,1
7612,Mary,Brown,1
7614,Paul,Martin,1
7616,Mary,Mason,1
7619,Mary,Smith,1
7620,Marie,Bautista,1
7627,Bruce,Huff,1
7633,Emily,Smith,1
7634,Pamela,Ray,1
7636,Elizabeth,Smith,1
7638,Mary,Smith,1
7642,Mary,Briggs,1
7650,Mary,Smith,1
7655,Mary,Smith,1
7658,Mary,Smith,1
7661,Linda,Rojas,1
7662,Tiffany,Parsons,1
7667,Henry,Maldonado,1
7668,Mary,Smith,1
7675,Brenda,Higgins,1
7680,Sandra,Heath,1
7681,Terry,Mcknight,1
7682,Mary,Smith,1
7684,Evelyn,Harper,1
7696,John,Barker,1
7697,Hannah,Wilkins,1
7703,Mary,Shannon,1
7708,Mary,Price,1
7709,George,Franklin,1
7713,Mary,Cruz,1
7716,David,Middleton,1
7719,Dorothy,Smith,1
7720,Lisa,Ramirez,1
7727,Evelyn,Smith,1
7729,Jane,Smith,1
7730,Mary,Thompson,1
7732,Jerry,Smith,1
7734,Carol,Snyder,1
7738,Mary,Smith,1
7743,Melissa,Smith,1
7744,Kathleen,Kelley,1
7746,Howard,Smith,1
7747,Mary,Haynes,1
7750,Howard,Mathews,1
7753,Mary,Smith,1
7756,Mary,Johnson,1
7757,Donna,Davis,1
7762,Mary,Roberson,1
7765,Mary,Costa,1
7768,Howard,Smith,1
7771,Janice,Jackson,1
7774,Mary,Smith,1
7775,Amy,Le,1
7777,Evelyn,Rogers,1
7780,Steven,Smith,1
7783,Amy,Kent,1
7786,Mary,Price,1
7795,Sandra,Smith,1
7799,Susan,Olson,1
7800,Mary,Sandoval,1
7802,Mary,Acevedo,1
7806,Mary,Smith,1
7807,Carolyn,Allen,1
7811,Mary,White,1
7812,Madison,Smith,1
7817,Mary,Smith,1
7818,Matthew,Ellis,1
7821,Willie,Smith,1
7824,Mary,Jackson,1
7827,Jerry,Sandoval,1
7828,Mary,Baldwin,1
7829,Raymond,Smith,1
7831,Mary,Smith,1
7837,Thomas,Smith,1
7839,Emma,Wells,1
7840,Mary,Smith,1
7843,Catherine,Petersen,1
7844,Scott,Smith,1
7845,Walter,Marshall,1
7849,Kenneth,Rogers,1
7852,Mary,Greene,1
7854,Mary,Allen,1
7862,Mary,Smith,1
7863,Elizabeth,Hodges,1
7864,Alice,Smith,1
7869,Grace,Gonzales,1
7871,Bobby,Branch,1
7876,Emily,Black,1
7883,Deborah,Park,1
7887,Mary,Keller,1
7891,James,Wilson,1
7893,Lisa,Smith,1
7894,Emma,Moore,1
7903,Harold,Jenkins,1
7910,Mary,Camacho,1
7912,Mary,Johnson,1
7915,Justin,Murphy,1
7918,Mary,Kemp,1
7920,Mary,Smith,1
7924,Mary,Arnold,1
7928,Madison,Smith,1
7929,Mary,Marquez,1
7931,Mary,Mcdaniel,1
7945,Mary,Smith,1
7948,Ethan,Allison,1
7952,Jose,Smith,1
7953,Mary,Brown,1
7955,Mary,Rios,1
7957,Christopher,Smith,1
7966,John,Smith,1
7967,Samuel,Jones,1
7969,Sean,Kelley,1
7972,Mary,Hoffman,1
7978,Amber,Santos,1
7979,Mary,Smith,1
7980,Jennifer,Ortiz,1
7981,Mark,Smith,1
7986,Mary,Steele,1
7989,Elizabeth,Douglas,1
7990,Jason,Cummings,1
7991,Mary,Conrad,1
7994,Ralph,Smith,1
7995,Shawn,Jackson,1
7997,Kimberly,Jefferson,1
7998,Mary,Smith,1
7999,Michael,Long,1
8005,Robert,Lambert,1
8016,Patricia,Smith,1
8017,Mary,Rhodes,1
8024,Christopher,Smith,1
8026,Mary,Wade,1
8033,Timothy,Estes,1
8043,Mary,Herrera,1
8045,Peter,Daniels,1
8048,Debra,Bryant,1
8050,Elizabeth,Smith,1
8054,Andrea,Smith,1
8055,Mary,Ortiz,1
8058,Ryan,Mosley,1
8059,Mary,Smith,1
8062,Dennis,Smith,1
8064,Richard,Rich,1
8067,Karen,Holland,1
8068,Larry,Smith,1
8069,Tiffany,Mcdaniel,1
8080,Matthew,Smith,1
8088,Mary,Morris,1
8091,Emily,Powell,1
8093,Patricia,Cook,1
8095,Dennis,Smith,1
8099,Ashley,Sosa,1
8101,Mary,Hudson,1
8109,Mary,Werner,1
8116,Melissa,Smith,1
8127,Rose,Anderson,1
8142,Mary,Fields,1
8145,Debra,Smith,1
8148,Daniel,Smith,1
8149,Kenneth,Clark,1
8155,Mary,Zhang,1
8157,Mary,Marshall,1
8159,Rebecca,Smith,1
8161,Ruth,Ramirez,1
8166,Patricia,Smith,1
8175,Mary,Smith,1
8176,Charles,Hernandez,1
8179,Julia,Terry,1
8180,Albert,Smith,1
8182,Matthew,Meyer,1
8183,Ryan,Giles,1
8184,Mary,Smith,1
8188,Timothy,Smith,1
8194,David,Winters,1
8195,Jennifer,Smith,1
8204,Diana,Smith,1
8208,Edward,Wheeler,1
8212,Mary,Smith,1
8216,Linda,Daniel,1
8217,Virginia,Cantrell,1
8218,Maria,Smith,1
8229,Mary,Mcfarland,1
8230,Judy,Smith,1
8233,Mary,Hanna,1
8236,Mary,Smith,1
8241,Betty,Smith,1
8244,Mary,Watson,1
8245,Thomas,Gray,1
8246,Johnny,Frederick,1
8247,Mary,Smith,1
8249,Mary,Nolan,1
8251,Mary,Ross,1
8252,Laura,Smith,1
8254,Jesse,Esparza,1
8258,Thomas,Stokes,1
8259,Mary,Smith,1
8260,Teresa,Berg,1
8264,Robert,Ryan,1
8265,William,Smith,1
8269,Mary,Smith,1
8273,Theresa,Lopez,1
8279,Jose,Casey,1
8280,Mary,Tyler,1
8282,Mary,Ray,1
8285,Eric,Smith,1
8290,Benjamin,Jennings,1
8291,Mary,Roman,1
8296,Mary,Smith,1
8299,Sean,Smith,1
8300,Mary,Reynolds,1
8306,Sarah,Walters,1
8309,Mary,Morales,1
8315,Mary,Joyce,1
8316,Charles,Smith,1
8320,James,Smith,1
8323,Mary,Smith,1
8324,Michael,Wilkerson,1
8326,Steven,Wade,1
8328,Donna,Smith,1
8329,Mary,Hall,1
8333,Mary,Solomon,1
8337,Kathy,Jenkins,1
8342,Betty,Smith,1
8346,Mary,Wright,1
8347,Tiffany,Smith,1
8348,Mary,Maddox,1
8352,Teresa,Black,1
8362,Ann,Burnett,1
8364,Michael,Smith,1
8367,Mary,Kane,1
8371,Christopher,Perkins,1
8374,Mary,Myers,1
8383,Mary,Smith,1
8384,Robert,Hall,1
8387,Richard,Fuentes,1
8390,Mary,Ritter,1
8393,Mary,Smith,1
8394,Tyler,Shields,1
8395,Theresa,Smith,1
8396,Mary,Brady,1
8398,Mary,Williams,1
8399,Donna,Sims,1
8410,Jessica,Mccarty,1
8411,Harold,Smith,1
8413,Mary,Smith,1
8417,Mary,Smith,1
8419,Mary,Sullivan,1
8421,Mary,Smith,1
8423,Mary,Atkins,1
8426,Mary,Smith,1
8428,Walter,Smith,1
8430,Gloria,Smith,1
8432,William,Ellis,1
8433,Sharon,Short,1
8434,Mary,York,1
8444,Katherine,Rogers,1
8445,Mary,Smith,1
8447,Michael,Smith,1
8448,Deborah,Brown,1
8449,Mary,Smith,1
8452,Mary,Smith,1
8454,Mary,Turner,1
8460,Nicole,Smith,1
8461,Mary,Wood,1
8465,Dorothy,Schneider,1
8468,Joshua,Conner,1
8471,Lauren,Smith,1
8478,Mary,Sweeney,1
8480,Gary,Meza,1
8487,Frances,Smith,1
8491,Kelly,Smith,1
8500,Mary,Reeves,1
8503,Amy,Smith,1
8504,Mary,Davis,1
8505,James,Diaz,1
8522,Mary,Smith,1
8532,Mary,Sellers,1
8535,Richard,Quinn,1
8538,Mary,Newman,1
8544,Sarah,Smith,1
8554,Evelyn,Smith,1
8556,Daniel,Pruitt,1
8561,Mary,Smith,1
8564,Melissa,Benitez,1
8565,Mary,Smith,1
8566,Stephen,Lee,1
8574,Brenda,Griffin,1
8579,Mary,Conrad,1
8582,Edward,Smith,1
8584,Mary,Smith,1
8589,Mary,West,1
8590,Ashley,Boyer,1
8592,Justin,Valenzuela,1
8598,Mary,Cox,1
8599,Elizabeth,Smith,1
8603,Frances,Smith,1
8606,Mary,Shah,1
8612,Emma,Smith,1
8626,Scott,Vega,1
8628,Frances,Meyer,1
8629,Mary,Irwin,1
8630,Jeremy,Smith,1
8638,Daniel,Wood,1
8644,Kenneth,Smith,1
8647,Andrea,Shaw,1
8648,Janice,Montgomery,1
8669,Amanda,Whitaker,1
8672,Mary,Crawford,1
8673,Carolyn,Smith,1
8674,Mary,Rhodes,1
8687,Mary,Smith,1
8688,Michelle,Rose,1
8694,Nancy,Smith,1
8700,Mary,Smith,1
8707,Lisa,Smith,1
8709,Mary,Smith,1
8712,Emily,Stone,1
8713,Mary,Newman,1
8721,James,Smith,1
8727,James,Coleman,1
8728,John,Smith,1
8731,Donna,Allen,1
8735,Mary,Smith,1
8738,Donald,Jackson,1
8740,Mary,Zimmerman,1
8742,Mary,Kim,1
8743,Douglas,Smith,1
8746,Charles,Stout,1
8748,Steven,Perez,1
8750,Mary,Smith,1
8754,Paul,Sanchez,1
8763,Pamela,Williams,1
8765,Gary,Smith,1
8766,Mary,Duncan,1
8767,Timothy,Mejia,1
8772,Amanda,Smith,1
8773,Samantha,Floyd,1
8779,Margaret,Barber,1
8781,Mary,Chan,1
8784,Jonathan,Smith,1
8786,Joseph,Smith,1
8787,Janice,Pittman,1
8788,Mary,Smith,1
8790,Mary,Keller,1
8792,Mary,Smith,1
8801,Ashley,Montgomery,1
8803,Mary,Smith,1
8808,Kenneth,Smith,1
8816,Judith,Shepard,1
8817,Mary,Smith,1
8822,Dorothy,Smith,1
8828,Mary,Baxter,1
8834,Steven,Herring,1
8837,Kathleen,Cole,1
8839,Mary,Smith,1
8853,Richard,Ali,1
8864,Mary,Benson,1
8865,Kevin,Frederick,1
8868,Mary,Smith,1
8870,Nicole,Lyons,1
8871,Janice,Smith,1
8875,Mary,Lawrence,1
8876,Timothy,Smith,1
8883,Marie,Davis,1
8890,Mary,Rhodes,1
8892,Russell,Dennis,1
8893,Mary,Smith,1
8895,Mary,Ferguson,1
8902,Roger,Walker,1
8905,Donna,Smith,1
8908,Mary,Jenkins,1
8912,Mary,Blankenship,1
8913,Jane,Smith,1
8916,Justin,Wheeler,1
8918,Zachary,Rice,1
8919,Mary,Conner,1
8928,Mary,Huynh,1
8929,David,Smith,1
8932,Mark,Thornton,1
8939,Mary,Smith,1
8942,Robert,Smith,1
8943,Brian,Yates,1
8948,Russell,Smith,1
8954,Mary,Hayden,1
8956,Jose,Miller,1
8964,Mary,Berger,1
8968,Mary,Smith,1
8969,Sandra,Bennett,1
8971,Mary,Gill,1
8975,Nancy,Mata,1
8976,Dennis,Smith,1
8980,Laura,Smith,1
8987,Kathleen,Price,1
8988,Mary,Smith,1
8989,Sarah,Aguilar,1
8990,Bobby,Smith,1
8993,Mary,Smith,1
8997,Mary,Smith,1
8998,James,Nielsen,1
9000,Amber,White,1
9002,Mary,Mullins,1
9006,Brenda,Smith,1
9010,David,Donovan,1
9011,Mary,Smith,1
9014,Mary,Smith,1
9015,Alice,Carroll,1
9017,Anna,Kelly,1
9018,Mary,Smith,1
9019,Carol,Davila,1
9020,Deborah,Smith,1
9023,Jonathan,Schmidt,1
9030,Raymond,Smith,1
9032,Lauren,Munoz,1
9034,Paul,Villa,1
9037,Laura,Smith,1
9043,Henry,Norris,1
9047,Jordan,Medina,1
9051,Nicole,Garcia,1
9052,Mary,Odom,1
9053,William,Smith,1
9058,Mary,Ramos,1
9059,Michael,Mills,1
9062,James,Farmer,1
9064,Mary,Mcmahon,1
9070,Mary,Smith,1
9071,Janice,Hutchinson,1
9077,Sean,Smith,1
9080,Mary,Macias,1
9084,Jack,Smith,1
9086,George,Stanley,1
9087,Alice,Smith,1
9090,Carolyn,Davis,1
9093,Andrew,Flores,1
9094,Mary,Vincent,1
9096,Mary,Andrews,1
9107,Mark,Nunez,1
9112,Joseph,Callahan,1
9116,Mary,Smith,1
9121,Mary,Smith,1
9122,Carl,Russo,1
9125,Mary,Smith,1
9136,Alice,Mccoy,1
9139,Mary,Galvan,1
9145,Gary,Smith,1
9146,Carl,Harrison,1
9151,Aaron,Smith,1
9159,Christopher,Smith,1
9167,Mary,Smith,1
9168,Martha,Evans,1
9170,Alexander,Smith,1
9174,Tyler,Smith,1
9177,Mary,Nelson,1
9179,Mary,Pearson,1
9184,Jeffrey,Rodriguez,1
9193,Marie,Smith,1
9195,George,Johns,1
9199,Tammy,Smith,1
9201,Christian,Smith,1
9209,Mary,Smith,1
9211,Lauren,Kramer,1
9216,Kyle,Joyce,1
9230,Dorothy,Bender,1
9233,Timothy,Wall,1
9235,Mary,Rodriguez,1
9238,Judy,Gillespie,1
9240,Janice,Brown,1
9243,Shawn,Gross,1
9244,Mary,Smith,1
9248,Mary,Luna,1
9249,Jonathan,Costa,1
9260,Joyce,Smith,1
9262,Mary,Conway,1
9268,William,Roberson,1
9273,Bobby,Smith,1
9284,Kathleen,Aguirre,1
9285,Gloria,Smith,1
9288,Mary,Mason,1
9292,Kelly,Smith,1
9296,Christian,Wilson,1
9298,John,Smith,1
9299,Robert,Chambers,1
9300,Mary,Smith,1
9304,Janet,Smith,1
9305,Mary,Evans,1
9306,Scott,Flynn,1
9310,Timothy,Smith,1
9327,Donna,Smith,1
9329,Eugene,Powell,1
9331,Donna,Smith,1
9332,Mary,Jordan,1
9335,Joseph,Smith,1
9336,Janice,Guzman,1
9338,James,Davis,1
9345,Mary,Branch,1
9348,Eric,Smith,1
9349,Mary,Martinez,1
9353,Michael,Scott,1
9356,Nancy,Johnson,1
9358,Mary,Smith,1
9364,Jessica,Lambert,1
9366,Mary,Church,1
9372,Kevin,Jarvis,1
9375,George,Smith,1
9378,Jesse,Crane,1
9379,Mary,Smith,1
9382,Mary,Rowe,1
9384,Mary,Anderson,1
9385,Andrew,Whitehead,1
9386,Angela,Smith,1
9391,Jennifer,Sellers,1
9401,Mary,Fritz,1
9406,Mary,Jones,1
9410,Mary,Alvarez,1
9411,Nicole,Gentry,1
9414,Gloria,Smith,1
9415,Mary,Joyce,1
9420,Frank,Johnson,1
9436,Mary,Torres,1
9438,Mary,Dawson,1
9439,Hannah,Smith,1
9441,Victoria,Smith,1
9450,Nathan,Brewer,1
9454,Mary,Carson,1
9458,Mary,Carlson,1
9459,Stephen,Bond,1
9460,Patrick,Smith,1
9461,Mary,Hoover,1
9463,Mary,Key,1
9469,Donald,Donaldson,1
9470,Bryan,Smith,1
9476,Linda,Hoffman,1
9480,Mary,Hunt,1
9482,Mary,Clayton,1
9486,Mary,Smith,1
9488,Mary,Smith,1
9491,John,Smith,1
9492,Joan,Huffman,1
9495,Nicholas,Smith,1
9501,Patricia,Smith,1
9505,Theresa,Soto,1
9506,Madison,Smith,1
9508,Alan,Smith,1
9510,Steven,Wright,1
9514,Mary,Bowen,1
9526,Mary,Patrick,1
9527,Anna,Smith,1
9528,Mary,Flores,1
9529,David,Mathews,1
9531,Mary,Cherry,1
9534,Christopher,Smith,1
9535,Jesse,Peterson,1
9537,Jason,Smith,1
9544,Hannah,Long,1
9547,Mary,Smith,1
9559,Austin,Smith,1
9560,Mary,Oneill,1
9563,Pamela,Murphy,1
9567,Donna,Booker,1
9569,Mary,Smith,1
9573,Grace,Gould,1
9574,Mary,Smith,1
9575,John,Richards,1
9576,Hannah,Pena,1
9580,Mary,Robbins,1
9582,Mary,Wyatt,1
9583,Sarah,Smith,1
9584,Maria,Rowe,1
9590,Adam,Smith,1
9591,Mary,Gonzalez,1
9594,Mary,Smith,1
9595,Judy,Nixon,1
9602,Crystal,Smith,1
9605,Mary,Smith,1
9607,Mary,Smith,1
9610,Frances,Smith,1
9612,Willie,Roberson,1
9614,Patricia,Frazier,1
9617,Mary,Guerrero,1
9621,Mary,Vang,1
9624,Ann,Smith,1
9626,Dorothy,Frye,1
9632,Mary,Tate,1
9633,Catherine,Smith,1
9639,Mary,Smith,1
9640,Andrea,Leonard,1
9643,Olivia,Smith,1
9652,Mary,Smith,1
9655,Mary,Shepherd,1
9656,Sarah,Smith,1
9659,Paul,Smith,1
9661,John,Snyder,1
9663,Mary,Williams,1
9670,Mary,Crane,1
9680,Robert,Smith,1
9683,Mary,Ray,1
9684,Wayne,Smith,1
9687,Mary,Mccormick,1
9689,Mary,Moore,1
9691,Mary,Smith,1
9692,Carolyn,Price,1
9693,Mary,Cortez,1
9694,Kimberly,Smith,1
9702,Katherine,Tyler,1
9703,Jonathan,Smith,1
9705,Patricia,Smith,1
9707,Mary,Bradley,1
9710,James,Giles,1
9714,Patricia,Tate,1
9717,Rose,Smith,1
9718,Mary,Clark,1
9721,Mary,Smith,1
9726,Steven,Smith,1
9732,Nancy,Jennings,1
9736,Mary,Hamilton,1
9741,Judith,King,1
9742,Mary,Frost,1
9743,David,Smith,1
9748,Mary,Smith,1
9749,Anthony,Mcguire,1
9750,Mary,Smith,1
9756,Mary,White,1
9760,Mary,Wolf,1
9761,Helen,Smith,1
9763,Mary,Dean,1
9769,Mary,Stevenson,1
9771,Mary,Alexander,1
9772,Terry,Washington,1
9777,Mary,Reynolds,1
9782,Christine,Frazier,1
9784,Mary,Smith,1
9785,Barbara,Barnes,1
9787,Pamela,Mckinney,1
9790,Gary,Everett,1
9792,Judith,Bailey,1
9793,Mary,Hunt,1
9801,James,Smith,1
9802,Diane,Hayes,1
9805,Mary,Camacho,1
9806,Robert,Smith,1
9808,Samantha,Goodwin,1
9809,Mary,Smith,1
9813,Mary,Roth,1
9817,Sean,Hall,1
9820,Mary,Randolph,1
9823,Mary,Camacho,1
9825,Sandra,Johnson,1
9827,Amy,Good,1
9833,Jacob,Smith,1
9835,Daniel,Gomez,1
9836,Shirley,Sullivan,1
9844,Peter,Smith,1
9847,Mary,Smith,1
9852,William,Harris,1
9855,Anthony,Wade,1
9858,Mary,Smith,1
9860,Mary,Mckenzie,1
9865,William,Smith,1
9866,Willie,Ramos,1
9868,Mark,Cohen,1
9876,Mary,Smith,1
9879,Linda,Ibarra,1
9889,Mary,Lee,1
9892,David,Norris,1
9894,Mary,Fowler,1
9898,Mary,Moon,1
9901,Mary,Smith,1
9902,James,Gilmore,1
9905,Mary,Ramsey,1
9906,Richard,Smith,1
9908,Benjamin,Smith,1
9911,Mary,Smith,1
9912,David,Phillips,1
9920,Michelle,Travis,1
9934,Kathleen,Smith,1
9943,Alan,Padilla,1
9949,Ashley,Smith,1
9950,Ralph,Pena,1
9953,Mary,Jenkins,1
9954,Emily,Smith,1
9956,Mary,Smith,1
9957,Charles,Bennett,1
9958,Ronald,Barron,1
9961,Ann,Mullins,1
9962,Diana,Smith,1
9964,Mary,Smith,1
9967,Linda,Herman,1
9969,Mary,Wright,1
9971,Mary,Smith,1
9972,William,Serrano,1
9973,Amy,Hood,1
9974,Olivia,Smith,1
9982,Carol,Smith,1
9984,Mary,Parker,1
9986,Rose,Smith,1
9996,Mary,Garner,1
10006,Mary,Smith,1
10008,Arthur,Garrison,1
10009,Mary,Smith,1
10011,Mary,Gonzales,1
10014,Janet,Williams,1
10016,Mary,Cooley,1
10017,John,Smith,1
10018,Gregory,Rodriguez,1
10023,Victoria,Knight,1
10024,Mary,Shelton,1
10025,Alexander,Smith,1
10026,Mary,Wilson,1
10027,Robert,Foley,1
10031,Crystal,Blake,1
10032,Shawn,Smith,1
10034,Elizabeth,Smith,1
10039,Mary,Butler,1
10041,Mary,Smith,1
10045,Sean,Bradley,1
10046,Mary,Smith,1
10049,Doris,Smith,1
10053,Rebecca,Smith,1
10055,Mary,Mooney,1
10059,Julia,Smith,1
10062,Judith,Smith,1
10069,George,Smith,1
10071,Mary,Lawrence,1
10075,Tammy,Smith,1
10081,Mary,Castillo,1
10082,Anna,Smith,1
10092,Mary,Smith,1
10111,Mary,Garcia,1
10113,Frances,Ward,1
10115,Mary,Estrada,1
10122,Mary,Watson,1
10137,Mary,Smith,1
10138,Louis,Kennedy,1
10139,Mary,Gould,1
10147,Mary,Kelley,1
10148,Robert,Huff,1
10152,Walter,Hughes,1
10153,Mary,Smith,1
10154,Madison,Diaz,1
10156,Christine,Smith,1
10158,Robert,Mathews,1
10160,Denise,Potter,1
10162,Joseph,Livingston,1
10167,Kathy,Little,1
10168,Mary,Mcconnell,1
10173,Kathleen,Smith,1
10181,Mary,Smith,1
10192,Kathryn,Smith,1
10194,Bobby,Walker,1
10195,Mary,Tran,1
10198,Mary,Smith,1
10200,Nicole,Smith,1
10207,Janet,Smith,1
10209,Mary,Smith,1
10214,Raymond,Smith,1
10218,Mary,Romero,1
10220,Gerald,Mason,1
10223,Mary,Wagner,1
10235,Joseph,Singh,1
10240,Mary,Pitts,1
10251,Mary,Nguyen,1
10253,Kyle,Smith,1
10259,Mary,Valenzuela,1
10263,Katherine,Bailey,1
10267,Mary,Smith,1
10269,Mary,Flowers,1
10275,Kelly,Smith,1
10280,Nicholas,Knapp,1
10283,Brian,Myers,1
10292,Mary,Williams,1
10293,Aaron,Jordan,1
10296,Mary,Ramos,1
10301,Jeremy,Smith,1
10302,Mary,Adams,1
10305,Catherine,Hudson,1
10313,Mary,Ball,1
10315,Mary,Smith,1
10325,Patricia,Duncan,1
10327,Laura,Sparks,1
10329,Shawn,Forbes,1
10334,Gary,Smith,1
10337,Edward,Smith,1
10344,Mary,Smith,1
10349,Mary,Colon,1
10358,Larry,Alvarez,1
10366,Samantha,Landry,1
10370,Mary,Mcintosh,1
10371,Joseph,Smith,1
10376,Mary,Davidson,1
10377,Anna,Smith,1
10379,Robert,Burnett,1
10391,Mary,Smith,1
10393,Barbara,Hogan,1
10396,Steven,Wood,1
10398,Mary,Pierce,1
10407,William,Clay,1
10412,Jean,Hartman,1
10424,Beverly,Smith,1
10425,Mary,Brooks,1
10428,Tammy,Chavez,1
10429,Mary,Weaver,1
10430,Katherine,Silva,1
10436,Eric,King,1
10437,Mary,Graham,1
10442,Mary,Hall,1
10443,Eric,Smith,1
10444,Gregory,Lopez,1
10445,Mary,Reed,1
10446,Christina,Krause,1
10447,Mary,Smith,1
10451,Anthony,Soto,1
10456,Mary,Smith,1
10457,Elizabeth,Watkins,1
10461,Jessica,Weber,1
10467,Janet,Sandoval,1
10468,Mary,Smith,1
10469,Melissa,Jackson,1
10472,Margaret,Cook,1
10473,Betty,Hartman,1
10474,Benjamin,Case,1
10477,Mary,Holder,1
10491,Nicole,James,1
10493,Frances,Taylor,1
10494,Mary,Hernandez,1
10496,Mary,Smith,1
10499,Theresa,Little,1
10504,Mary,Hill,1
10505,Eugene,Wu,1
10509,Mary,Smith,1
10510,Kevin,Knapp,1
10519,Mary,Smith,1
10521,Mary,Wood,1
10527,Billy,Sparks,1
10528,Mary,Smith,1
10533,Michael,Smith,1
10535,Paul,Smith,1
10536,Michelle,Massey,1
10544,Mary,Holland,1
10549,Mary,Atkinson,1
10554,Justin,Smith,1
10561,Mary,Smith,1
10565,Mary,Velasquez,1
10567,Diana,Smith,1
10576,Richard,Smith,1
10578,Karen,Smith,1
10582,Mary,Ryan,1
10583,Ryan,Gay,1
10589,Mary,Smith,1
10591,Deborah,Humphrey,1
10592,Ethan,Smith,1
10594,Pamela,Escobar,1
10595,Mary,Smith,1
10597,Elizabeth,Raymond,1
10603,Mary,Hendricks,1
10604,Jennifer,Smith,1
10616,Mary,Little,1
10618,Mary,Ortega,1
10625,Mark,Davis,1
10626,Emma,Anderson,1
10631,Frances,Smith,1
10632,Mary,Williams,1
10635,Donna,Torres,1
10636,Mary,Harvey,1
10637,Matthew,Smith,1
10651,Anna,George,1
10653,Mary,Smith,1
10655,Larry,Bass,1
10659,Barbara,Beck,1
10661,Mary,Cunningham,1
10662,Karen,Smith,1
10665,Sean,Smith,1
10667,Walter,Prince,1
10669,Michael,Cowan,1
10670,Mary,Smith,1
10673,William,Garcia,1
10674,George,Morton,1
10684,John,Smith,1
10688,Pamela,Rivers,1
10689,Mary,Smith,1
10697,Jennifer,Delacruz,1
10702,Mary,Andrews,1
10703,Richard,Dickson,1
10705,Mary,Potter,1
10706,Joshua,Smith,1
10714,Samuel,Smith,1
10715,Mary,Brewer,1
10718,Mary,Lambert,1
10719,Andrew,Smith,1
10720,Judith,Gibbs,1
10721,Mary,Smith,1
10724,Mary,Delgado,1
10731,Mary,Smith,1
10734,Emily,Jones,1
10741,Gary,Stuart,1
10743,John,Hale,1
10744,Samantha,Smith,1
10747,Mary,Bates,1
10748,Mark,Smith,1
10749,Mary,Huff,1
10753,Gregory,Mitchell,1
10757,James,Pacheco,1
10759,Douglas,Smith,1
10764,Janet,Mccoy,1
10766,Rose,Roman,1
10767,Mary,Mata,1
10768,Lawrence,Smith,1
10777,Martha,Smith,1
10778,Mary,Mercado,1
10779,Christine,Smith,1
10787,Mary,Acosta,1
10790,Stephen,Smith,1
10792,Frank,Stokes,1
10798,Grace,Moore,1
10800,Mary,Dunn,1
10802,Mary,Smith,1
10803,Laura,Carey,1
10805,Mary,Smith,1
10811,Joshua,Carter,1
10812,Mary,Powell,1
10820,Brenda,Smith,1
10821,Mary,Cooper,1
10823,Angela,Oconnell,1
10826,Mary,Hanson,1
10829,Anthony,Smith,1
10830,Mary,Espinoza,1
10831,Larry,Smith,1
10842,Ashley,Smith,1
10843,Cynthia,Myers,1
10845,John,Smith,1
10850,Mary,Smith,1
10856,Mary,Nixon,1
10857,John,Smith,1
10858,Janet,Wright,1
10859,Jean,Smith,1
10860,Mary,Johnson,1
10864,Jason,Beck,1
10869,Nicole,Gallegos,1
10873,Mary,Serrano,1
10874,Judy,Smith,1
10875,Mary,Thompson,1
10881,Linda,Smith,1
10883,Catherine,Zamora,1
10886,Scott,Smith,1
10887,Gregory,Frank,1
10889,Sarah,Smith,1
10891,Mary,Smith,1
10892,David,Bell,1
10897,Mary,Reed,1
10903,Mary,Smith,1
10908,Jessica,Smith,1
10914,Christopher,Norton,1
10916,Randy,Smith,1
10918,James,Smith,1
10921,Jerry,Sherman,1
10923,Thomas,Reese,1
10924,Steven,Smith,1
10925,Marie,Abbott,1
10927,Jessica,Lang,1
10929,Mary,Carroll,1
10930,Gerald,Smith,1
10937,Mary,Smith,1
10940,Mary,Crawford,1
10945,Mary,Hamilton,1
10948,Mary,Torres,1
10949,Zachary,Reyes,1
10952,Mary,Suarez,1
10955,Jose,Peck,1
10957,Jessica,Turner,1
10959,Mary,Morton,1
10961,Mary,Smith,1
10962,David,Austin,1
10964,Mary,Morgan,1
10968,Diana,Smith,1
10973,Debra,Sullivan,1
10975,Martha,Bolton,1
10976,Mary,Smith,1
10980,Victoria,Bowen,1
10986,Mary,Smith,1
10999,Crystal,Ballard,1
11000,Mary,Smith,1
11003,Mary,Clements,1
11014,Heather,Smith,1
11015,Mary,Martinez,1
11016,George,Hutchinson,1
11017,Rachel,Prince,1
11018,Bruce,Smith,1
11019,Mary,Zamora,1
11020,Laura,Smith,1
11022,Carolyn,Peck,1
11024,Philip,Hall,1
11030,Mary,Smith,1
11045,Paul,Smith,1
11048,Randy,Ball,1
11049,Mary,Smith,1
11059,Mary,Daniels,1
11061,Joseph,Webster,1
11068,Roger,Smith,1
11070,Beverly,Hardin,1
11072,Nathan,Anthony,1
11073,Mary,Smith,1
11075,Mary,Meyer,1
11076,Robert,Leonard,1
11080,Mary,Bush,1
11086,Lauren,Hobbs,1
11089,Mary,Smith,1
11091,Joan,Smith,1
11094,Rose,Wyatt,1
11096,Carol,Hill,1
11097,Mary,Hatfield,1
11099,Mary,Harris,1
11101,Dylan,Smith,1
11106,Mary,Navarro,1
11107,Melissa,Smith,1
11108,Mary,Sandoval,1
11109,William,Smith,1
11112,Jessica,Cowan,1
11114,Mary,Owens,1
11123,Samantha,Miller,1
11133,Mary,Smith,1
11134,Robert,Lopez,1
11135,Michelle,Kirk,1
11142,Sharon,Gonzales,1
11146,Jason,Nolan,1
11151,Harold,Walker,1
11152,Mary,Smith,1
11153,Brian,Green,1
11154,Pamela,Dickerson,1
11156,Jessica,Valdez,1
11159,Mary,Bruce,1
11161,Mary,Pennington,1
11165,John,Smith,1
11167,Mary,Hinton,1
11170,Mary,Newman,1
11171,Richard,Mcfarland,1
11173,Kathleen,Mayer,1
11174,Teresa,Smith,1
11180,Lisa,Smith,1
11183,Mary,Smith,1
11184,Jennifer,Kelly,1
11185,Barbara,Smith,1
11193,Rachel,Smith,1
11194,Frances,Nielsen,1
11198,Samuel,Smith,1
11200,Shirley,Smith,1
11201,Wayne,Kelly,1
11202,Mary,Frederick,1
11204,Marie,Lee,1
11208,Mary,Morgan,1
11209,Grace,Lam,1
11210,Olivia,Smith,1
11211,Mary,Yu,1
11214,Joseph,Mccormick,1
11216,Mary,Morgan,1
11217,James,Smith,1
11220,Jeffrey,Reed,1
11231,Mary,Schroeder,1
11232,Denise,Smith,1
11235,Judy,Church,1
11241,Mary,Smith,1
11242,Brandon,Frost,1
11243,Mary,Smith,1
11244,John,Garcia,1
11250,Mary,Noble,1
11257,Heather,Chang,1
11258,Mary,Smith,1
11260,Mary,Macias,1
11262,Laura,Lopez,1
11264,George,Smith,1
11271,Mary,Smith,1
11273,Mary,Ward,1
11275,Kyle,Wheeler,1
11277,Nicole,Gordon,1
11282,Maria,Cook,1
11285,Christian,Smith,1
11286,Mary,Garcia,1
11288,Cynthia,Smith,1
11291,Mary,Ramirez,1
11292,William,Saunders,1
11293,Shirley,Smith,1
11296,Julie,Smith,1
11298,Anthony,Best,1
11311,Julie,White,1
11313,Mary,Smith,1
11319,Ronald,Smith,1
11320,Mary,Jones,1
11326,Keith,Lowe,1
11334,Benjamin,Carroll,1
11336,Lauren,Thompson,1
11338,Paul,Smith,1
11342,Steven,Booker,1
11343,Julie,Smith,1
11344,Mary,Sparks,1
11347,Ruth,Jones,1
11350,Brittany,Lynch,1
11353,Mary,Silva,1
11354,Lauren,Hartman,1
11357,Mary,Smith,1
11362,Michael,Harmon,1
11367,Mary,Smith,1
11368,Daniel,Johnson,1
11369,Mary,Rodriguez,1
11373,William,Cohen,1
11374,Stephen,Smith,1
11377,Brandon,Smith,1
11380,Jane,Smith,1
11383,Elizabeth,Smith,1
11387,Larry,Smith,1
11392,Mary,Smith,1
11396,Elizabeth,Smith,1
11400,Frances,Holmes,1
11402,Angela,Wilkinson,1
11403,Mary,Smith,1
11404,Helen,Cook,1
11406,James,Perry,1
11411,Kyle,Garcia,1
11413,Amanda,Sanders,1
11414,Mary,Maxwell,1
11415,George,Smith,1
11418,Mary,Smith,1
11420,Pamela,Smith,1
11422,Mary,Jones,1
11429,Janice,Smith,1
11432,Mary,Harper,1
11433,Peter,Smith,1
11438,Mary,Pugh,1
11442,Adam,Wong,1
11444,Kathleen,Patrick,1
11452,Kathleen,Orr,1
11462,Debra,Byrd,1
11468,Mary,Barton,1
11469,Judy,Smith,1
11473,Mary,Smith,1
11478,Pamela,Smith,1
11480,Mary,Mccarthy,1
11481,Walter,Pacheco,1
11486,Mary,Smith,1
11491,David,Smith,1
11492,Evelyn,Allen,1
11493,Julia,Flores,1
11497,Mary,Smith,1
11498,Scott,Day,1
11500,Mary,Martin,1
11501,Larry,Peterson,1
11517,Kathy,Kelley,1
11519,Karen,Smith,1
11524,Phillip,Smith,1
11527,Karen,Smith,1
11528,Kathleen,Garcia,1
11531,Barbara,Gordon,1
11533,Peter,Smith,1
11535,Dorothy,Moon,1
11538,Christian,Smith,1
11542,Mary,Perkins,1
11545,Mary,Armstrong,1
11547,Sarah,Smith,1
11550,Nathan,Thompson,1
11560,Walter,Walton,1
11562,Mary,Baird,1
11563,Samuel,Smith,1
11567,Mary,Walker,1
11569,Mary,Smith,1
11575,William,Smith,1
11576,Richard,Andrade,1
11581,Mary,Ramsey,1
11582,Debra,Hull,1
11585,Mary,Smith,1
11589,Mary,Anderson,1
11592,Mary,Smith,1
11594,Mary,Smith,1
11595,Zachary,Jones,1
11601,Crystal,Hayden,1
11603,Theresa,Leonard,1
11604,Mary,Santana,1
11606,Mary,Cisneros,1
11613,Diane,Taylor,1
11615,Mary,Dalton,1
11618,Tammy,Smith,1
11634,Ethan,Fleming,1
11636,Patrick,Browning,1
11642,James,Smith,1
11659,Steven,Gonzalez,1
11660,Mary,Garza,1
11669,Mary,Murray,1
11670,Jerry,Maldonado,1
11671,Mary,Smith,1
11672,Charles,Burns,1
11676,Anna,Olsen,1
11678,Olivia,Smith,1
11679,Mary,Benson,1
11682,Mary,Ferguson,1
11683,James,Guzman,1
11686,Margaret,Daniel,1
11687,Mary,Wall,1
11688,Richard,Smith,1
11690,Mary,Jenkins,1
11691,Cheryl,Kelley,1
11693,Mary,Garrett,1
11694,Margaret,Rios,1
11698,Julie,Tran,1
11704,John,Smith,1
11706,Mary,Smith,1
11711,Mary,Park,1
11716,Robert,Jones,1
11721,Karen,Harris,1
11725,Elizabeth,Livingston,1
11726,Gloria,Smith,1
11729,Christine,Johnson,1
11731,Scott,Smith,1
11734,Lori,Smith,1
11746,Frances,Smith,1
11748,James,Smith,1
11751,Mary,Smith,1
11752,Michael,Miller,1
11754,Aaron,Smith,1
11758,Gerald,Smith,1
11759,Mary,Bright,1
11760,Patricia,Smith,1
11761,Lauren,Coleman,1
11762,Mary,Downs,1
11764,Mary,Barnes,1
11766,Mary,Mason,1
11770,James,Smith,1
11771,Donald,Pennington,1
11778,Mary,Smith,1
11784,Mary,Cunningham,1
11785,Stephanie,Beasley,1
11790,Janet,Anderson,1
11795,Eugene,Lewis,1
11797,Kimberly,Smith,1
11798,Ralph,Mitchell,1
11799,Mary,Tate,1
11805,Anthony,Smith,1
11806,Mildred,Hester,1
11817,Mary,Smith,1
11819,Jerry,Vincent,1
11820,Walter,Smith,1
11823,Mary,Wilkerson,1
11826,Barbara,Fritz,1
11830,Mary,Evans,1
11834,Betty,Hansen,1
11835,Tammy,Smith,1
11838,Zachary,Cook,1
11849,Mary,Randolph,1
11852,Scott,Smith,1
11857,Judy,Wall,1
11860,David,Smith,1
11864,Cheryl,Hill,1
11866,Mary,Smith,1
11867,Richard,Ward,1
11869,Thomas,Smith,1
11876,Mary,Smith,1
11877,Jeffrey,Krueger,1
11880,Mary,Smith,1
11882,Mary,Smith,1
11883,Steven,Miller,1
11887,Christopher,Smith,1
11895,Timothy,Walter,1
11897,Virginia,Herrera,1
11907,Stephen,Lynn,1
11908,Judith,Smith,1
11913,James,Smith,1
11915,Janet,Phelps,1
11917,Matthew,Brooks,1
11920,Mary,Anderson,1
11922,Donald,Taylor,1
11924,Mary,Ramos,1
11929,Amy,Smith,1
11930,Mary,Gilbert,1
11935,Madison,Murillo,1
11940,Richard,Reese,1
11941,Jeffrey,Pugh,1
11946,Grace,Solomon,1
11952,Mary,Smith,1
11953,Willie,Galvan,1
11956,Alan,Campos,1
11957,Mary,Norman,1
11958,Barbara,Smith,1
11960,Ryan,Allen,1
11962,Diana,Smith,1
11963,Mary,Wood,1
11964,Richard,Huffman,1
11965,Emma,Noble,1
11968,Emily,Winters,1
11981,Mary,Smith,1
11987,Mary,Gentry,1
11989,Mary,Turner,1
11992,Mary,Williamson,1
11997,Jonathan,Smith,1
11999,Johnny,Smith,1
12001,Christopher,Smith,1
12006,Anna,Sharp,1
12007,Alan,Smith,1
12013,Katherine,Kramer,1
12015,Vincent,Ortiz,1
12019,Mary,Walters,1
12020,Dorothy,Smith,1
12025,Linda,Collier,1
12027,Mary,Stevens,1
12028,Steven,Smith,1
12030,Linda,Smith,1
12031,Ashley,Benitez,1
12033,Aaron,Villa,1
12034,Mary,Smith,1
12035,William,Mcdaniel,1
12038,Patricia,Smith,1
12040,Thomas,Moore,1
12041,Gary,Oneal,1
12045,Jeffrey,Ryan,1
12047,Mary,Moody,1
12052,Mary,Burke,1
12053,Wayne,Mcclure,1
12057,Tyler,Sims,1
12060,Mary,Robinson,1
12066,Kevin,Smith,1
12069,Brittany,Gardner,1
12074,Mary,Smith,1
12084,Jennifer,Taylor,1
12086,Mary,Powers,1
12087,Anna,Maynard,1
12088,Mary,Smith,1
12091,Lisa,Turner,1
12097,Mary,Johnson,1
12101,Samantha,Smith,1
12104,Joseph,Neal,1
12107,Sharon,Patterson,1
12108,Gloria,Stephens,1
12112,Mary,Smith,1
12115,Lawrence,Smith,1
12118,Mary,Zimmerman,1
12122,Mary,Smith,1
12126,Phillip,Smith,1
12128,Jeremy,Smith,1
12129,Mary,Perkins,1
12131,Douglas,Smith,1
12135,Danielle,Shepard,1
12138,Mary,Smith,1
12141,Mary,Allen,1
12144,Mary,Gallegos,1
12153,James,Thomas,1
12154,Kevin,Andrews,1
12162,Larry,Marsh,1
12164,Robert,Hawkins,1
12165,Christine,Smith,1
12169,Mary,Krueger,1
12171,Joyce,Malone,1
12174,Mary,Mitchell,1
12177,Brenda,Carter,1
12189,Judith,Hicks,1
12197,Daniel,Williams,1
12204,Willie,Cunningham,1
12213,Mary,Smith,1
12215,Mary,Smith,1
12218,Judith,Smith,1
12219,Beverly,Nguyen,1
12221,Betty,Sanchez,1
12224,Mary,Smith,1
12227,Mary,Rivera,1
12228,Amy,Smith,1
12229,Rachel,Simmons,1
12232,Mary,Moore,1
12233,Karen,Small,1
12240,Mary,Levy,1
12241,Mary,Smith,1
12253,Mary,Chan,1
12258,Kevin,Smith,1
12264,Olivia,Smith,1
12265,Mary,Miller,1
12271,Mary,Small,1
12275,Mary,Dudley,1
12276,Martha,Smith,1
12278,Karen,Smith,1
12283,Willie,Pena,1
12284,Mary,Smith,1
12288,Karen,Smith,1
12289,Andrea,Price,1
12292,Doris,May,1
12293,Mary,Smith,1
12300,Mary,Lindsey,1
12301,John,Smith,1
12302,Donald,Sampson,1
12305,Stephanie,Leblanc,1
12308,Joseph,Smith,1
12309,Barbara,Pena,1
12311,Mary,Smith,1
12314,Bruce,Smith,1
12316,Kathy,Garcia,1
12318,Mary,Smith,1
12329,Scott,Norman,1
12330,Mary,Roy,1
12332,Kelly,Jones,1
12335,Mary,Riley,1
12336,Joe,Smith,1
12339,William,Smith,1
12340,Patricia,Patel,1
12342,Mary,Velez,1
12348,Alan,Smith,1
12349,Mary,Arnold,1
12350,Henry,Jacobs,1
12356,Rose,Shepherd,1
12357,Harry,Smith,1
12364,Judy,Smith,1
12365,Mary,Pearson,1
12366,Mary,Smith,1
12368,Alice,Smith,1
12372,Rachel,Smith,1
12373,Mary,Herman,1
12374,Frances,Smith,1
12375,Bruce,Moore,1
12376,Mary,Ortega,1
12380,Jacqueline,Shaw,1
12381,Mary,Olsen,1
12382,Jennifer,Smith,1
12383,Joyce,Phillips,1
12386,Ruth,Mccarthy,1
12388,Donna,Smith,1
12393,Mary,Smith,1
12394,Samantha,Sims,1
12410,Bryan,Smith,1
12411,Mary,Perez,1
12415,Joyce,Smith,1
12417,Mary,Smith,1
12423,Stephen,Smith,1
12424,Judy,Phillips,1
12426,Jordan,Valdez,1
12427,Mary,Smith,1
12430,Hannah,Brown,1
12432,Angela,Smith,1
